{"type": "FeatureCollection", "features": [{"type": "Feature", "properties": {"zone": "tod", "name": "Transit-Oriented Development Overlay"}, "geometry": {"type": "Polygon", "coordinates": [[[-86.1458334098576, 39.76260432807889], [-86.14584483121402, 39.76231232139115], [-86.13718780094112, 39.753907853724385], [-86.13659433961136, 39.753201364582985], [-86.13651303924712, 39.75301161970124], [-86.13377984872382, 39.753021953859566], [-86.13378242879534, 39.75175219371462], [-86.13628779268333, 39.75174023226396], [-86.1360334822993, 39.72297565256658], [-86.1359789935761, 39.72297168298557], [-86.13597959201508, 39.72248511737797], [-86.1360291563451, 39.72248635184716], [-86.13583893962857, 39.700971288971225], [-86.13463525656987, 39.69789183345892], [-86.12406802867928, 39.66664512334318], [-86.12105587291396, 39.65823695468336], [-86.11365044945317, 39.63611124929397], [-86.1137134852141, 39.63489044336151], [-86.11425793149495, 39.634005036657065], [-86.11544267374761, 39.633196600049274], [-86.11696371776978, 39.63286567218213], [-86.11822100191102, 39.6329923941826], [-86.11934054168256, 39.63345261808824], [-86.12000272340889, 39.63398275948639], [-86.12055862755047, 39.63486389875879], [-86.1413540689772, 39.6960364167611], [-86.1429022007777, 39.700091877598354], [-86.14303473713355, 39.70082016223774], [-86.14287635747233, 39.70238472811305], [-86.14394544454677, 39.70337825057381], [-86.14615659189626, 39.707759956104475], [-86.14609407392798, 39.70898076131987], [-86.14554945623085, 39.70986630692976], [-86.14436376646638, 39.71067504570142], [-86.14300247109024, 39.71099445665968], [-86.14334581395705, 39.75104560146405], [-86.15196364664693, 39.75942948035348], [-86.15610755291357, 39.762843926461564], [-86.16779249391857, 39.76311981212373], [-86.16927333044899, 39.76213846101625], [-86.1707479338957, 39.76163727275731], [-86.17199781415299, 39.761493351887694], [-86.17506262114085, 39.761588660479], [-86.1779764270398, 39.761905760566165], [-86.18081505030288, 39.76250429670842], [-86.18353303724099, 39.76337468449577], [-86.18627188126939, 39.76459903893936], [-86.21093514225477, 39.76204216562399], [-86.21541260481568, 39.760723210395774], [-86.21742533119735, 39.760451252522685], [-86.21937726131105, 39.7594077216519], [-86.26626301159271, 39.74498545399989], [-86.26622551240743, 39.72979620005665], [-86.26448584253373, 39.72956943043962], [-86.26295442788664, 39.72882197457265], [-86.26189768253575, 39.727653446808205], [-86.26151693335522, 39.726356971063375], [-86.26148325533786, 39.72004365992146], [-86.26160700324715, 39.717434004744], [-86.26197988041622, 39.71544979058916], [-86.2622687403544, 39.71474736237739], [-86.26344330405965, 39.71295093465207], [-86.26481056484438, 39.71144652492312], [-86.2657500473329, 39.71085065283383], [-86.26757522741754, 39.71017849793573], [-86.27142359076126, 39.70995845108008], [-86.27733697280082, 39.70932276837994], [-86.27868023043175, 39.70893806328333], [-86.28136522007009, 39.70710208348045], [-86.29494045669931, 39.69638936739825], [-86.29757624441785, 39.6949493761251], [-86.30058643419457, 39.69400211567926], [-86.30395535755798, 39.693603140709804], [-86.31047217506662, 39.69357079879192], [-86.31199805511834, 39.693780774081134], [-86.31329628191044, 39.69425282541325], [-86.31951412007072, 39.69745648320444], [-86.32050918411096, 39.69840610429751], [-86.32085572248931, 39.69934920534649], [-86.32075118087009, 39.70032623058488], [-86.32038260364168, 39.701006016485124], [-86.31734666369536, 39.70358222524067], [-86.31628025334653, 39.70480076762256], [-86.31475649778277, 39.70804623065091], [-86.31351012854309, 39.7096959309275], [-86.30404572448043, 39.71704306523212], [-86.30276979929407, 39.71768932506412], [-86.30155327521173, 39.717949542648164], [-86.30029090666874, 39.71795268856337], [-86.29926794748013, 39.717747258348], [-86.29820359979729, 39.71721296404823], [-86.29499370760331, 39.714722196059284], [-86.29438055484071, 39.71409505608207], [-86.29384648377466, 39.71286052677106], [-86.29396981951274, 39.71160877223758], [-86.2943252608686, 39.710929383023775], [-86.2948700662816, 39.710328543767254], [-86.3041283799444, 39.70297816649557], [-86.30686835561153, 39.70160573595224], [-86.3086060152929, 39.70106973427431], [-86.31057975820619, 39.700671384300136], [-86.31181326195096, 39.700087269468376], [-86.30982140380198, 39.69905936260912], [-86.30374321396106, 39.69911222919884], [-86.30232426600782, 39.699329672163216], [-86.30094703224786, 39.699784258497615], [-86.29959128227247, 39.70055256822491], [-86.28502085957354, 39.71200178359828], [-86.28348113406581, 39.71303042481976], [-86.28186136180366, 39.713861020896985], [-86.2802553872535, 39.71440590792803], [-86.27866962720402, 39.7147183858526], [-86.2722190744316, 39.715416308538764], [-86.26979708465535, 39.71549817924218], [-86.2689150172017, 39.716758471588946], [-86.26869505228377, 39.717911287537326], [-86.26861373565897, 39.72428484683762], [-86.2705450327821, 39.72433999508992], [-86.271975119457, 39.724862653047666], [-86.27296993559389, 39.725812679101644], [-86.27333243857352, 39.727001921065714], [-86.27336809210354, 39.74706856740869], [-86.27288921026768, 39.74823303585188], [-86.27229898954346, 39.748812338540134], [-86.27153037600698, 39.74924955346343], [-86.22248931546169, 39.76436115677964], [-86.22053596844314, 39.76543522233769], [-86.21880170019982, 39.76587000457269], [-86.21729342828668, 39.76602643659944], [-86.21266580212999, 39.7673892723377], [-86.18606500513314, 39.77015833831196], [-86.18482677394039, 39.77004976685346], [-86.18375079368795, 39.76979209684552], [-86.18067692444338, 39.76841176217601], [-86.17816128629826, 39.76760983689074], [-86.17584366452655, 39.7671845506104], [-86.17344861998264, 39.76702713273469], [-86.17285251391583, 39.76807847390989], [-86.17225130059008, 39.76876867059122], [-86.17156714270183, 39.7692808696833], [-86.17059994812736, 39.76974271566336], [-86.16882522064716, 39.77008984598501], [-86.16517388359445, 39.76999930447292], [-86.16476539578521, 39.78164481442002], [-86.1649763029975, 39.79118681997609], [-86.16453639415504, 39.792106567544465], [-86.16344830241127, 39.79299431123302], [-86.16228250439737, 39.79338460709854], [-86.16090017628943, 39.7934588774333], [-86.1609171851462, 39.795836589494414], [-86.16019750584753, 39.80343590115328], [-86.160352125115, 39.8240702257955], [-86.16036986037152, 39.82407061967821], [-86.16038213726306, 39.82418539763699], [-86.16090901983145, 39.82417432150607], [-86.16092205710247, 39.82439509347504], [-86.16280149983518, 39.82449306828017], [-86.16279131824494, 39.82478322073499], [-86.16277297892687, 39.825305835262135], [-86.1603566162531, 39.82531613649301], [-86.15992120307367, 39.826225896016396], [-86.1597860653923, 39.82635804165765], [-86.1598113691915, 39.826358042825476], [-86.15983557776963, 39.82785345541559], [-86.15925138732386, 39.827864770942654], [-86.15922931986398, 39.829587316328485], [-86.15697244046565, 39.82959687600322], [-86.15695021454826, 39.827519955620716], [-86.14864680615662, 39.827706805583524], [-86.14875037369852, 39.83954280228971], [-86.14928427847094, 39.842785394880316], [-86.14989809046389, 39.876016449126], [-86.14958704709935, 39.87714720372679], [-86.1492983370113, 39.880793159731205], [-86.14946879058124, 39.890532798988396], [-86.14942029888293, 39.91861879534353], [-86.14960031125761, 39.91982279063492], [-86.14943843643962, 39.92064663260534], [-86.14945074477481, 39.927187531542366], [-86.14923010761136, 39.92813830849286], [-86.14878105089713, 39.92878917091525], [-86.14759165676863, 39.92959793452574], [-86.14638273814722, 39.92990588699837], [-86.1451103527351, 39.92986716082061], [-86.1439367864619, 39.92948669524817], [-86.14301171626387, 39.92881301634283], [-86.14238026449169, 39.927692193871394], [-86.14229976144605, 39.92254009325398], [-86.12854462479791, 39.92247161320432], [-86.12686935270698, 39.922332652423236], [-86.12574505442582, 39.92187255115141], [-86.12508004290237, 39.92134248485399], [-86.12462215349983, 39.9206952985682], [-86.12438839407554, 39.9197316237943], [-86.12451200893854, 39.91900080880083], [-86.12488366594232, 39.918321651716184], [-86.12650009684299, 39.916929317148806], [-86.13019154238482, 39.912031133308666], [-86.13083004521746, 39.90908785374909], [-86.13254479164918, 39.90613356405942], [-86.13284164937738, 39.90424138687251], [-86.1327780293166, 39.89669142569597], [-86.13322571882527, 39.895282975028245], [-86.13402512467495, 39.89437871596963], [-86.13616699474755, 39.89274778914701], [-86.13703798636824, 39.8907295034474], [-86.13728460008491, 39.88966663359025], [-86.13793156313282, 39.88882242082792], [-86.13873441840008, 39.888290059126035], [-86.13960092851914, 39.88796329120523], [-86.14225257425164, 39.8878108152841], [-86.142174854854, 39.88062629930441], [-86.14267897012779, 39.87212149545119], [-86.14216300913927, 39.8429520718352], [-86.14162913927576, 39.8396596937306], [-86.14152045658905, 39.8278805644833], [-86.13967366019239, 39.828109327695806], [-86.13172512230166, 39.82822278348838], [-86.12159763558317, 39.828040676919926], [-86.10275146544562, 39.82808279236978], [-86.08788247954126, 39.828262303654654], [-86.0719089103916, 39.82819279942147], [-86.05855712403512, 39.82827280301855], [-86.0518351166377, 39.828482804829896], [-86.02971326829591, 39.82842280980383], [-86.02516510586938, 39.82860281060121], [-86.01346563549119, 39.82869927936477], [-86.01389228395652, 39.85715731799455], [-86.01344994202942, 39.8580764925752], [-86.01261671590122, 39.85881726534764], [-86.01149886376471, 39.85928515799643], [-86.01008762810443, 39.859421834828126], [-86.01006063481532, 39.86185933819126], [-86.009768600852, 39.862561136011095], [-86.00924480754031, 39.86317776959832], [-86.0079657704698, 39.86389966547421], [-86.00641844578816, 39.864122743384776], [-86.00486867982941, 39.86389920413079], [-86.00358255847782, 39.863184821316786], [-86.00282604723873, 39.86211115029754], [-86.00265910720377, 39.860533543166966], [-86.0029634774966, 39.85938208248675], [-86.00301835854275, 39.85640108944795], [-86.00335214607264, 39.85545508531892], [-86.00387593409133, 39.854838477543126], [-86.00459367670278, 39.85435148353863], [-86.00576140716169, 39.85396276754587], [-86.00677099343407, 39.85389415494004], [-86.0067940919583, 39.85375899122048], [-86.0063078203444, 39.82575192929422], [-86.00664141729553, 39.82480591151263], [-86.00738483479404, 39.82401059405628], [-86.0084432568259, 39.82346739783013], [-86.00968171188008, 39.82324558977925], [-86.02508267994149, 39.82311233489785], [-86.0296150948963, 39.82293233558409], [-86.05179459383218, 39.82299233888998], [-86.05840510381312, 39.82278233914464], [-86.07188511126368, 39.82270234096916], [-86.0878134770392, 39.822771875937555], [-86.12104596081768, 39.82253113589264], [-86.13108625243439, 39.822716257722824], [-86.13933329903415, 39.82262235279848], [-86.14164650931417, 39.822315809471306], [-86.1532724966309, 39.82214486310263], [-86.15306599478906, 39.802962536292036], [-86.15376838660336, 39.79602833182345], [-86.15376008102524, 39.7905262511369], [-86.15409148735348, 39.78957981546936], [-86.15507212605942, 39.78862048313207], [-86.15618785100948, 39.7881512138117], [-86.15771131382174, 39.78800080160466], [-86.15764925413488, 39.781572769971156], [-86.15806238372458, 39.769828212517645], [-86.1473166039874, 39.76958590331804], [-86.13539282487598, 39.7697489199357], [-86.10979327692104, 39.771571093221866], [-85.96407082897902, 39.77889762831907], [-85.96281116277066, 39.77876924983882], [-85.96144918394859, 39.77814607371044], [-85.96069897538356, 39.77735483303207], [-85.96034197413785, 39.776197892222015], [-85.96045482445773, 39.77484026309591], [-85.96120054182404, 39.77376249001697], [-85.96247840756108, 39.77304110288262], [-85.96394299702577, 39.77279885357226], [-85.9664686418324, 39.77273975714212], [-85.96801574026811, 39.77320021660825], [-85.97789821073317, 39.772744946720536], [-86.10927799802255, 39.766094939184995], [-86.13492229903848, 39.76426968537644], [-86.1478783666589, 39.76410609569783], [-86.14647509220944, 39.76292419497721], [-86.14615311346586, 39.76261160973094], [-86.1458334098576, 39.76260432807889]], [[-86.13989363630246, 39.90578959753503], [-86.13956591660867, 39.90714488364638], [-86.13881147268766, 39.90893502637018], [-86.13766732852878, 39.91068185027898], [-86.13738585032985, 39.912591841470224], [-86.13680556454622, 39.91408695094243], [-86.13471468252688, 39.91697454952477], [-86.1422900451879, 39.91704900183719], [-86.14228115421155, 39.8956328251528], [-86.14131077952975, 39.89657935657817], [-86.13990858254786, 39.897619646094945], [-86.13996777706848, 39.904397663644936], [-86.13989363630246, 39.90578959753503]]]}}, {"type": "Feature", "properties": {"zone": "trails", "name": "Quarter mile of a built trail"}, "geometry": {"type": "MultiPolygon", "coordinates": [[[[-86.31296983731868, 39.63863950213252], [-86.31205670206184, 39.63855850595916], [-86.31118155481609, 39.63834132544363], [-86.3103780313837, 39.637996307958055], [-86.30914837702456, 39.637279801121714], [-86.30811526039358, 39.636551947468625], [-86.30734398963772, 39.635810127450014], [-86.30685871672443, 39.635162033156014], [-86.30635403177384, 39.63418582117749], [-86.30616668095828, 39.633567902051844], [-86.30613458364621, 39.63259832801802], [-86.30633746490835, 39.63172659035965], [-86.30662691171283, 39.631052123042174], [-86.30708095842873, 39.630434277514624], [-86.30768215356775, 39.62989679542695], [-86.30840739281585, 39.62946032985388], [-86.30922880702887, 39.62914165192253], [-86.31057149804533, 39.62890991550565], [-86.31149018819049, 39.62892826706408], [-86.31281561646902, 39.62921330137598], [-86.31361465809867, 39.62956434945114], [-86.31460985328023, 39.63029885099601], [-86.31510056239384, 39.63089970332363], [-86.31544976645367, 39.63163060949391], [-86.31629534732362, 39.63220791588204], [-86.31697866063992, 39.63298216419124], [-86.31783960392868, 39.63231497805499], [-86.31904387249179, 39.63180059581349], [-86.32117501094129, 39.63128361382535], [-86.32242966051386, 39.63123150395713], [-86.32424918151537, 39.63152875715103], [-86.32551027670958, 39.63180547423477], [-86.32636103845132, 39.63207426245635], [-86.32747002628561, 39.63270384897228], [-86.32805648998519, 39.63325099352947], [-86.32849364458798, 39.63387609020997], [-86.32876468746335, 39.63455511861056], [-86.32885919806363, 39.63526198518247], [-86.3287735390683, 39.63596952581943], [-86.32851099697558, 39.6366505497011], [-86.32808165661564, 39.637278884286644], [-86.32750201428368, 39.63783038128939], [-86.32679434425579, 39.63828384494715], [-86.32598584296147, 39.63862184687427], [-86.32465277361817, 39.638885281463395], [-86.3237419389682, 39.63889210892696], [-86.3229080848663, 39.63880534168862], [-86.32197714448964, 39.63898507288676], [-86.32058888809847, 39.63897715196048], [-86.31977371046568, 39.638821338222144], [-86.31832960476545, 39.63833128796184], [-86.3175838754286, 39.63791588224567], [-86.31678105194874, 39.63719798990439], [-86.31596091118021, 39.63785362269927], [-86.31518861210763, 39.638238914684955], [-86.3143339263792, 39.638500305646026], [-86.31296983731868, 39.63863950213252]]], [[[-86.30323067507501, 39.68032392782732], [-86.30247042950884, 39.680784821442565], [-86.30200655756447, 39.68177671583835], [-86.30120047589382, 39.682633156656586], [-86.30016982623663, 39.68326208695493], [-86.29919534711496, 39.68360510963785], [-86.29902750815899, 39.68444737746091], [-86.29874434430808, 39.68513702624521], [-86.29834452523667, 39.68573257568187], [-86.2977414945882, 39.68632916865403], [-86.29652187841121, 39.68704072156255], [-86.29510943690674, 39.687414400065386], [-86.2936127188957, 39.6887348881755], [-86.29213662248715, 39.689784336434215], [-86.29135809549838, 39.690535150904836], [-86.29006687844411, 39.69145168143731], [-86.2896066662814, 39.69212304237733], [-86.2889589020236, 39.69283748621185], [-86.28840548953366, 39.693265098158825], [-86.2877178429518, 39.693639383868216], [-86.28642633998618, 39.69403492362642], [-86.28546755390701, 39.694129760458196], [-86.28450011309539, 39.694071336744145], [-86.28359334508022, 39.69386920976102], [-86.28239408313854, 39.69339172114049], [-86.2813029491926, 39.69277148275303], [-86.28047925531278, 39.692137419654706], [-86.27982226683594, 39.69142160045932], [-86.27937918939483, 39.690722597787754], [-86.27910377541534, 39.68968030146101], [-86.27923184606779, 39.688621119391364], [-86.27961530850799, 39.6878367800649], [-86.27927141816826, 39.68720423365346], [-86.27907716884013, 39.68643287597617], [-86.27909740416901, 39.685671393006835], [-86.2791986810564, 39.68525812263688], [-86.27904265879648, 39.68455710827514], [-86.27903991863619, 39.68405109684398], [-86.27924483853616, 39.683190070836375], [-86.27964761739148, 39.68246053599672], [-86.28055741433717, 39.68153371067193], [-86.28149372542264, 39.6809525645196], [-86.28287639543773, 39.680499802984095], [-86.28417429366525, 39.68037239539602], [-86.28431598831585, 39.679573985958626], [-86.28463145851578, 39.67890647879158], [-86.28510938976034, 39.678299351985466], [-86.28608918134964, 39.67755205103828], [-86.28730750105271, 39.67705669219329], [-86.28820100300669, 39.676888502524555], [-86.28911979769492, 39.67685823453162], [-86.2903020190041, 39.6770326407158], [-86.29136161605344, 39.67641936362822], [-86.29131194277798, 39.675972087853786], [-86.29139492254957, 39.675174425434086], [-86.29183648695118, 39.674181297724694], [-86.29267774460757, 39.6732794000559], [-86.29374599145328, 39.67264645857964], [-86.2946368325403, 39.6723459141411], [-86.29533040882295, 39.6722179851803], [-86.29624162903596, 39.67217184935865], [-86.29715361122284, 39.67226294156383], [-86.2980250785439, 39.67248976941794], [-86.2986844500496, 39.672775169674885], [-86.30013505873909, 39.672865019842256], [-86.30129472385133, 39.67314553693435], [-86.30233983050054, 39.673600846980975], [-86.30397027091736, 39.67459540693868], [-86.30434873142623, 39.67493607520247], [-86.30495363965858, 39.67574240317243], [-86.30523786942307, 39.676456616814825], [-86.30531415085613, 39.67747144175255], [-86.30517615698034, 39.67810456847327], [-86.30476913887217, 39.67891422370394], [-86.30411660385677, 39.67964678825596], [-86.30323067507501, 39.68032392782732]]], [[[-86.32159856257577, 39.6835217706944], [-86.32265998916111, 39.68419933014322], [-86.3234211725106, 39.685085774295274], [-86.32372819963787, 39.68575563842857], [-86.32385868936305, 39.6868146503975], [-86.32358567046195, 39.687857327616236], [-86.32293263874588, 39.68879387263081], [-86.32195582319727, 39.68954362503164], [-86.3211653323092, 39.68990695593109], [-86.32029827698933, 39.6901441534259], [-86.31938798196016, 39.69024610087643], [-86.31777660860736, 39.69018622011518], [-86.31692896547517, 39.69007182812089], [-86.31566684175341, 39.6902640197817], [-86.31452630771794, 39.690203721166114], [-86.31382002243295, 39.69046284885728], [-86.31244492446943, 39.69074998318555], [-86.31133270235301, 39.691299344050805], [-86.31049235860482, 39.69158830916683], [-86.30913601684594, 39.69177176324085], [-86.30776914945577, 39.69164312427939], [-86.30650948744427, 39.69121347237253], [-86.30546552395515, 39.690519814001874], [-86.30472716689847, 39.68962189333141], [-86.30443737354497, 39.688947459789766], [-86.30433408739354, 39.68788665972633], [-86.30463381103658, 39.68684837247749], [-86.30531071638104, 39.685922011603544], [-86.30594394196561, 39.68540662481839], [-86.30668318103857, 39.684953106587805], [-86.30850108052756, 39.684149307813286], [-86.30978192003263, 39.683760317143594], [-86.31028389400305, 39.683408869865666], [-86.31107514223561, 39.68302511232006], [-86.31242288857426, 39.68268062503066], [-86.31410056750366, 39.68259859550815], [-86.31626628587242, 39.682839609195256], [-86.31729608995226, 39.682796148871056], [-86.31848540291651, 39.68286016419824], [-86.32032829892073, 39.68311144018594], [-86.32159856257577, 39.6835217706944]]], [[[-86.32229922643629, 39.76812360989793], [-86.32314406963249, 39.76840630987402], [-86.32390121953226, 39.768810764574795], [-86.32454158115976, 39.769321433001146], [-86.3250405455375, 39.76991869253475], [-86.32548359351327, 39.77092604094036], [-86.3256437965784, 39.771646685836984], [-86.32567534458249, 39.77248053378077], [-86.32619796088224, 39.77340075603626], [-86.3263568385296, 39.774100717706645], [-86.32625759582874, 39.77516174224395], [-86.32589361275866, 39.776184664113046], [-86.32549596898832, 39.77680529343175], [-86.32544316610868, 39.77736546195905], [-86.32521003338105, 39.778052933607036], [-86.32480755207706, 39.77869210095931], [-86.32392176717525, 39.77950728841421], [-86.32317628996887, 39.779924582599605], [-86.3218970269156, 39.78032131699416], [-86.32052357920554, 39.780414431559485], [-86.31929234770813, 39.78022460192152], [-86.3183416472653, 39.78058827116546], [-86.31747544922517, 39.78077289120788], [-86.31656425393034, 39.78087638179131], [-86.31564439922674, 39.78084072053195], [-86.3147512400552, 39.78066727812769], [-86.3139191048149, 39.780362720901934], [-86.31317997541233, 39.77993875446386], [-86.31232777782765, 39.77914022990925], [-86.31161087445578, 39.77898255691608], [-86.31066998068397, 39.77904516406675], [-86.30930956780428, 39.778872432255056], [-86.30807273415556, 39.77840242306169], [-86.30706600580776, 39.77767561888422], [-86.30637608252127, 39.77675461845115], [-86.30612276859303, 39.77607141348546], [-86.30604706357528, 39.77536320385083], [-86.30616585546515, 39.7744247286374], [-86.30647179135913, 39.77356421502911], [-86.30686758134136, 39.77280635341261], [-86.30697542169654, 39.77216719038562], [-86.30726578356276, 39.771492823215816], [-86.30772105180372, 39.77087512418406], [-86.3086733043523, 39.77010592859724], [-86.30987388657019, 39.769583152226225], [-86.31121941457367, 39.76935181044407], [-86.31259402872915, 39.76943182348489], [-86.31350183945545, 39.7696690607656], [-86.3142997168236, 39.76894720738163], [-86.31504319180205, 39.76852791727284], [-86.31587837338029, 39.76822860799342], [-86.31677316957422, 39.76806078026798], [-86.31769319875558, 39.768030882706185], [-86.31902623028986, 39.76824160915797], [-86.3200213938388, 39.76800822268386], [-86.32093916586524, 39.76795022571868], [-86.32229922643629, 39.76812360989793]]], [[[-86.30609519861312, 39.81713306167309], [-86.30357840663808, 39.819699319277774], [-86.30361050905316, 39.82081031151386], [-86.30351267063857, 39.82162916385714], [-86.30325635010705, 39.82249069477162], [-86.30283982105543, 39.82330889005888], [-86.30223405806763, 39.824137740149084], [-86.30149866510062, 39.82490578530616], [-86.30096986456698, 39.82532202674699], [-86.3001995557229, 39.825776376290634], [-86.29868468939215, 39.82640271075889], [-86.29721983933656, 39.826738211889825], [-86.29618798566534, 39.82682616369389], [-86.28840312111971, 39.82700536619335], [-86.28835122303927, 39.82746644227444], [-86.29101355760301, 39.83080465161355], [-86.29144302747152, 39.831607597913546], [-86.29173523039724, 39.83257667349602], [-86.29206983552311, 39.83932028607473], [-86.2918730730016, 39.840220094379355], [-86.29166458556283, 39.840715949604665], [-86.29084373895023, 39.84176185252882], [-86.29186779643568, 39.84208220750598], [-86.29296176165309, 39.8427306335207], [-86.29353411755842, 39.84328767956299], [-86.29431441298637, 39.84441362209832], [-86.29456793268585, 39.84509682792144], [-86.29464367082234, 39.845805030809075], [-86.29449989304021, 39.84662287950332], [-86.29454039962647, 39.84743466085086], [-86.29428049258577, 39.84835950501913], [-86.29450751363838, 39.848988220531055], [-86.29703452717783, 39.848908980968616], [-86.30012056142488, 39.849201516044054], [-86.30098387964134, 39.849450840397495], [-86.30176751176484, 39.84982518749744], [-86.30272880289378, 39.850588479563804], [-86.30336125215963, 39.85153398263107], [-86.30357196784676, 39.8522257793879], [-86.30360353095531, 39.85293596792767], [-86.3033141988138, 39.85397609868251], [-86.30290766058191, 39.854613894792784], [-86.3023474825148, 39.855178305820296], [-86.30126764437112, 39.85584085302938], [-86.29998474228395, 39.85623327022651], [-86.29860927217894, 39.85632175811255], [-86.29664211482898, 39.85618108649889], [-86.29554026666297, 39.85632419645605], [-86.2945451024141, 39.85631243614396], [-86.29367768712405, 39.856555696821104], [-86.2922381901302, 39.85668832953419], [-86.29094257210417, 39.85658479601963], [-86.2898344397974, 39.856272473062575], [-86.28098373777388, 39.856502714696816], [-86.27259795128359, 39.85662454703605], [-86.2718798748607, 39.85678095370529], [-86.27069852255505, 39.85687512459793], [-86.26626073729335, 39.856884239228364], [-86.26498511684153, 39.85675796943249], [-86.26383217297807, 39.856830732731005], [-86.26232054254037, 39.85662853052255], [-86.26140887688939, 39.85629883971173], [-86.26066304586328, 39.85588105981116], [-86.26003730877552, 39.85535916275371], [-86.25937498622947, 39.85442588202027], [-86.25914236390122, 39.85373827084551], [-86.25912908115811, 39.8526745591414], [-86.25934448141047, 39.85198362397161], [-86.25998332840888, 39.85104068467589], [-86.26094977844774, 39.85028127601792], [-86.26173593689083, 39.849910089683206], [-86.2630526938849, 39.849591475858645], [-86.2646748668549, 39.84946579281618], [-86.26566754130765, 39.84946199502203], [-86.26689160355217, 39.84963651207208], [-86.26994697071989, 39.849631162127224], [-86.27144009339645, 39.84939495245142], [-86.27845808688748, 39.849278469165405], [-86.27821186030944, 39.84583104582347], [-86.27837757287745, 39.84407175515894], [-86.27855936038749, 39.843427359175124], [-86.27905656125121, 39.84254541177943], [-86.28146590032483, 39.8398151523392], [-86.28260990719194, 39.837984729361324], [-86.28244113479856, 39.83625145032103], [-86.2824808529224, 39.83566407317433], [-86.28234640543774, 39.83485137698631], [-86.28239738467448, 39.833833551928876], [-86.28177117717591, 39.833213544330704], [-86.28012421244559, 39.83103375542659], [-86.27921879526833, 39.82951821162024], [-86.27887675876313, 39.82842819447299], [-86.27883925867998, 39.827730427188364], [-86.27893201404729, 39.82697187371569], [-86.278839733466, 39.82499723317937], [-86.27846447882008, 39.82405482021025], [-86.2784490926201, 39.822991117277205], [-86.27866303048312, 39.82229992381426], [-86.27904772843135, 39.821654193195286], [-86.28004736852485, 39.82066370099275], [-86.28074206170092, 39.82019679115375], [-86.2815415260765, 39.81984335437164], [-86.28286915591096, 39.819554344290395], [-86.28424841338348, 39.819574944036646], [-86.28521290030523, 39.81978621744788], [-86.29416376341443, 39.81960817489191], [-86.2942759957705, 39.818428303516185], [-86.29452047935877, 39.81752959970148], [-86.29501303747749, 39.81656543054527], [-86.2956220318713, 39.815772182357875], [-86.29824499523765, 39.81312183788021], [-86.29912862377438, 39.81238272812299], [-86.30030296670861, 39.81182469480728], [-86.30163677663212, 39.81155357394032], [-86.3025581301422, 39.81154484377895], [-86.30346399116453, 39.81167489691303], [-86.30471808773554, 39.812117849196724], [-86.30575147469678, 39.81282247146591], [-86.30627280873139, 39.81340840987578], [-86.30663590649401, 39.814061524001644], [-86.30682681051697, 39.814756716514395], [-86.30683817942874, 39.815467272359214], [-86.30651953305917, 39.81650227670036], [-86.30609519861312, 39.81713306167309]]], [[[-86.3310834782375, 39.849641341583606], [-86.3316515202915, 39.850201043308324], [-86.33206698996166, 39.850835405682446], [-86.33231391767242, 39.85152005217155], [-86.3323828093951, 39.852228673235516], [-86.33227101221881, 39.852934037230966], [-86.3319828171286, 39.8536090368673], [-86.331529294915, 39.85422773100799], [-86.33092787139744, 39.85476634176863], [-86.3297581118023, 39.85540136299122], [-86.3283878964843, 39.85578501298839], [-86.32762639938478, 39.85586754403872], [-86.32512696299153, 39.85593968620501], [-86.32389761682926, 39.855909119301835], [-86.32323349302322, 39.85606680821405], [-86.32267558438622, 39.85647921054155], [-86.3220208423604, 39.856828369180626], [-86.32149232689203, 39.85703334254661], [-86.32054285033979, 39.8572629991429], [-86.3191312392429, 39.857324327127415], [-86.31814271894926, 39.85717535804676], [-86.31721759865218, 39.85687386957609], [-86.31611958854694, 39.85632552636485], [-86.31520290186788, 39.856442659504424], [-86.3134240820452, 39.85643770975741], [-86.31258964804461, 39.85633032778303], [-86.31188295855995, 39.85615370320278], [-86.31112055804132, 39.856144853079165], [-86.30844010302636, 39.855838738551604], [-86.30719316358889, 39.855382643415865], [-86.30617172361114, 39.85466720552874], [-86.30546375033582, 39.85375404476862], [-86.30519730837885, 39.853073759214], [-86.30510818405388, 39.85236648193117], [-86.30519979695599, 39.85165939354554], [-86.30546862108025, 39.85097966660708], [-86.30590432114184, 39.85035342143468], [-86.3064901504439, 39.84980472251058], [-86.30720359489834, 39.849354653965094], [-86.30801723838113, 39.84902050963911], [-86.3088998161439, 39.84881512880215], [-86.31120287973297, 39.84870574033538], [-86.31234049160476, 39.84885401356674], [-86.31353249697304, 39.84889954875403], [-86.31456044430041, 39.84911011201214], [-86.31554838412639, 39.84902105270597], [-86.31773838675916, 39.84905686060033], [-86.31860984470487, 39.84911687471037], [-86.31937325036355, 39.84927027497707], [-86.32062275422619, 39.84907666580147], [-86.32162353174635, 39.848818218255865], [-86.32260594566468, 39.848702129564984], [-86.32652527285349, 39.84863326342733], [-86.32779119321087, 39.848519908698634], [-86.32870630601872, 39.84860610756287], [-86.32958202282816, 39.848828252374744], [-86.33038469471676, 39.84917780751261], [-86.3310834782375, 39.849641341583606]]], [[[-86.29826668760006, 39.87526009059845], [-86.29888417823089, 39.87578791659429], [-86.29935616474255, 39.87639841598764], [-86.29966450628474, 39.877068129447345], [-86.29979734915554, 39.877771321543015], [-86.29965827240132, 39.878829673082286], [-86.29934518142862, 39.87949807998959], [-86.29886884577651, 39.88010658237917], [-86.2978284700748, 39.88088811670797], [-86.29656423414767, 39.882178037247165], [-86.2954477355724, 39.882888188004536], [-86.29468171746683, 39.88320310032066], [-86.29296231959414, 39.8836721077046], [-86.29201832153822, 39.8840389822673], [-86.29047844148346, 39.884454666262336], [-86.28920249188921, 39.88468374609659], [-86.28825758961385, 39.88475349347545], [-86.28722913413866, 39.884694028014245], [-86.27525898929309, 39.88499311645525], [-86.27307852918035, 39.88480237008584], [-86.27113834481045, 39.884781492270044], [-86.26990047449763, 39.8849739443965], [-86.26746754024333, 39.88504654063992], [-86.26027689899792, 39.88514566839621], [-86.25573255359726, 39.88532902453695], [-86.24863769605187, 39.885431396684325], [-86.24775578653109, 39.885347987901156], [-86.24687468614258, 39.885137733261644], [-86.24569450639804, 39.884585509249995], [-86.244773247964, 39.88379313270863], [-86.24434323910931, 39.883164481674065], [-86.24408069445205, 39.88248328029632], [-86.24399569878922, 39.88177570786208], [-86.24409151303605, 39.88106895631685], [-86.2443644497361, 39.88039018524301], [-86.24480401558543, 39.87976547820594], [-86.2453933153692, 39.87921884056402], [-86.24610970168354, 39.878771277227564], [-86.24692564540604, 39.878439985766605], [-86.24780979344136, 39.878237695828155], [-86.24872817312148, 39.87817218020141], [-86.25830247640944, 39.87800597266647], [-86.25962279570408, 39.877879344960355], [-86.262944444705, 39.877893524890794], [-86.26415053653385, 39.87743836011259], [-86.26505202960223, 39.87728827696134], [-86.26597420235836, 39.87727657392438], [-86.26723725359203, 39.87749667351615], [-86.26788804079749, 39.87716510231677], [-86.26885799926248, 39.87684199127576], [-86.27034571066353, 39.876660376467775], [-86.27096618999725, 39.876688249342145], [-86.27191011818569, 39.87684815582124], [-86.2730238328359, 39.87724744278424], [-86.2742051828816, 39.87713089410004], [-86.27512265171065, 39.87720351222041], [-86.27600410858963, 39.877412633490636], [-86.27676290434007, 39.8777256179747], [-86.27933082647377, 39.877676210264156], [-86.28143766343005, 39.877551958242215], [-86.28794731831431, 39.8774550337097], [-86.28927937873964, 39.87698879487738], [-86.29013228159766, 39.87628388296988], [-86.29066956314908, 39.8756676565122], [-86.29168454506483, 39.87494723442033], [-86.2922934822423, 39.87467075729231], [-86.29344114143954, 39.874360199145634], [-86.29474683843951, 39.8742736893909], [-86.29625335716226, 39.87442542776897], [-86.29752742329921, 39.87483521997978], [-86.29826668760006, 39.87526009059845]]], [[[-86.20386626086845, 39.66427503088237], [-86.20573124514459, 39.665174404462284], [-86.20698221945626, 39.66588364817977], [-86.20717430165905, 39.66588158981187], [-86.20771426622815, 39.665490248181946], [-86.20848893721605, 39.665107465998595], [-86.20980137384716, 39.6647686528937], [-86.21065806611593, 39.664350673073706], [-86.21158932591771, 39.66409071709154], [-86.21252864602955, 39.66398615809397], [-86.21542701134874, 39.663901210218256], [-86.21643816895032, 39.66398303254907], [-86.2173197266381, 39.6641849373264], [-86.21813338751517, 39.66451587819239], [-86.21884788607467, 39.66496313901811], [-86.21943576560061, 39.665509533864494], [-86.21987443315201, 39.66613406711731], [-86.22014702795838, 39.66681274002747], [-86.22024306982938, 39.667519472708356], [-86.22015886259152, 39.668227106199], [-86.21989763694252, 39.66890844610967], [-86.2194694271104, 39.669537307752655], [-86.21855161190547, 39.67033011687368], [-86.21779035320043, 39.67072871494031], [-86.21653074184559, 39.67108687691775], [-86.21601186488589, 39.6716025150006], [-86.215360980019, 39.672052807347406], [-86.21427909476874, 39.672516060536985], [-86.21388314020642, 39.672838292721465], [-86.21314795933505, 39.67326515220095], [-86.21231913421492, 39.673572967740306], [-86.21142851958648, 39.67374990857131], [-86.21005194862036, 39.67375649714007], [-86.20915856625669, 39.67358809498612], [-86.2083391644058, 39.673294053570636], [-86.20730554638138, 39.67320490147135], [-86.20599890299349, 39.67365545798155], [-86.20463181984928, 39.673780299963234], [-86.20371974485586, 39.673689714408845], [-86.20284806912511, 39.67346335921703], [-86.20168884662624, 39.67288963808739], [-86.20089660507944, 39.67219320464702], [-86.20008546646584, 39.67200710228831], [-86.19927012581724, 39.67167851403014], [-86.19824082760165, 39.670972168816185], [-86.19770653471772, 39.67037327969809], [-86.19730666228651, 39.6697107134153], [-86.19660836229188, 39.67044463117874], [-86.1959097409924, 39.670906681293786], [-86.19510789236404, 39.6712545197691], [-86.19423363389592, 39.67147477762123], [-86.19332056729081, 39.67155898928372], [-86.19182318243713, 39.67144573119256], [-86.19079331215387, 39.671742926791765], [-86.18988235458731, 39.671839841332826], [-86.18896443503837, 39.67179754746792], [-86.18807483403779, 39.67161767082861], [-86.18724774316458, 39.67130712503985], [-86.18637343187429, 39.67076615994748], [-86.18528926857981, 39.6705469301382], [-86.18410016724813, 39.67001103940383], [-86.18344220811348, 39.66951462701367], [-86.18292221618401, 39.66892855140493], [-86.18244298125481, 39.6679313229886], [-86.18234188951729, 39.66722501500592], [-86.18242103604842, 39.66651703658419], [-86.18284894063183, 39.665436706927515], [-86.18337196015572, 39.66471177937979], [-86.18414741865573, 39.664054149865585], [-86.18475638181184, 39.66370328947207], [-86.18571181466459, 39.66333942057763], [-86.18688400857653, 39.66306026386843], [-86.18809099256737, 39.66294414713781], [-86.18958657369714, 39.66296133757528], [-86.19121615129333, 39.663225593750724], [-86.19203211466377, 39.66348533592], [-86.19501640348075, 39.66377139555325], [-86.19587816892617, 39.66401912647713], [-86.19666085125702, 39.664392029432975], [-86.19763523620338, 39.665169378456625], [-86.19870545824946, 39.66441177626742], [-86.1995185005211, 39.664079934348685], [-86.20039967897566, 39.66387705263567], [-86.20131513501266, 39.66381092666761], [-86.20205405757325, 39.663857229739655], [-86.20294184666791, 39.66400861290925], [-86.20386626086845, 39.66427503088237]]], [[[-86.27425126977, 39.68816072537205], [-86.27420564333023, 39.689557371861824], [-86.27440026856877, 39.69071180375411], [-86.274189122677, 39.69183879244932], [-86.27415005177869, 39.69261349950478], [-86.27374740623435, 39.69363079693202], [-86.27297983054764, 39.694513989017885], [-86.27229687651835, 39.69499003490505], [-86.27150681847698, 39.695353998667436], [-86.27064002055852, 39.69559189157506], [-86.2697297975906, 39.69569457026289], [-86.26881113417309, 39.69565808829945], [-86.26791933944143, 39.69548384792919], [-86.26708868933159, 39.695178546144966], [-86.2663511086496, 39.694753917169066], [-86.26573494370325, 39.69422628126287], [-86.26526387274173, 39.69361591724265], [-86.26491043653856, 39.69284672451661], [-86.26477848928346, 39.692083121633566], [-86.2648490053021, 39.690662728094104], [-86.2647695739719, 39.68401246915035], [-86.26492054319219, 39.683426781812955], [-86.26524264547349, 39.682761165651485], [-86.26602370887544, 39.681885129347606], [-86.26671384439474, 39.6814154194228], [-86.26750930606758, 39.68105876180901], [-86.2683795275069, 39.68082886087816], [-86.26929107093672, 39.68073455036083], [-86.27020891152567, 39.6807794540586], [-86.27109778256916, 39.680961846659336], [-86.27192352994814, 39.68127471999244], [-86.27265442393788, 39.68170605218538], [-86.27351274097704, 39.68253781435071], [-86.27402163074865, 39.68352627390949], [-86.27420079603145, 39.68433662259656], [-86.27420029289374, 39.68525745617063], [-86.27430774772591, 39.68602298289918], [-86.27416962924197, 39.6870800291352], [-86.27425126977, 39.68816072537205]]], [[[-86.25237329079572, 39.71854163630594], [-86.25210033212922, 39.719335072927194], [-86.25168833167542, 39.719970483029996], [-86.25112371725305, 39.72053161022898], [-86.25042818539346, 39.720996888690145], [-86.24962846583962, 39.72134843596937], [-86.24875529420882, 39.7215727405374], [-86.24784223040717, 39.72166118128912], [-86.24692436826977, 39.72161035903151], [-86.2460369861164, 39.72142222718346], [-86.24521419020422, 39.721104016654], [-86.24448760333412, 39.72066795779379], [-86.2438851491146, 39.720130810131], [-86.243429978678, 39.7195132180027], [-86.24313958112438, 39.71883891689197], [-86.24302511185854, 39.71813382101792], [-86.24307468866539, 39.71747697146278], [-86.24336102842648, 39.71649357046868], [-86.24373081600488, 39.715842864595054], [-86.24425786701822, 39.71526037396654], [-86.24492192537895, 39.71476848139875], [-86.24569747199119, 39.71438608796962], [-86.24655470539034, 39.71412788697766], [-86.24746068663772, 39.71400379957091], [-86.24838060452761, 39.714018593691414], [-86.24927911257909, 39.71417170094741], [-86.25051176205996, 39.71464642845425], [-86.25121074454721, 39.71510855976645], [-86.25177956700422, 39.715667122935876], [-86.25219636855304, 39.71630065470411], [-86.25244512847368, 39.71698481045181], [-86.25251628236894, 39.71769329949731], [-86.25237329079572, 39.71854163630594]]], [[[-86.22402594780893, 39.7224670770244], [-86.22170863233374, 39.72519200170908], [-86.22071785565946, 39.72582896928144], [-86.21960765383821, 39.72622626044891], [-86.21835596242484, 39.72639273237763], [-86.21742719018548, 39.726348572690796], [-86.21536002766138, 39.725937770060305], [-86.21454023820789, 39.72561671784062], [-86.21357866115497, 39.72499083857135], [-86.21311518511546, 39.724526705462786], [-86.21260860356877, 39.72375279383296], [-86.21231857298831, 39.722890472082916], [-86.21227353233881, 39.722390014145894], [-86.21255684282197, 39.72020179052433], [-86.21269722615132, 39.719734045874105], [-86.21317743645676, 39.71888426207425], [-86.21407974993143, 39.71802427914134], [-86.21508686944546, 39.717471271039216], [-86.2160452717396, 39.71716549879964], [-86.21761016836344, 39.71695836772048], [-86.21846091872182, 39.71692763059263], [-86.220177061492, 39.717016563708306], [-86.22097136030119, 39.717153832306224], [-86.22203283408989, 39.71750632534095], [-86.222972592227, 39.7180513909161], [-86.22365778636535, 39.71868353064783], [-86.22404570624549, 39.7192209555328], [-86.22440508094307, 39.72008529528869], [-86.22449581064853, 39.720985911258225], [-86.2242750463885, 39.72196927521426], [-86.22402594780893, 39.7224670770244]], [[-86.21653836563542, 39.719377662538754], [-86.21650860732676, 39.71938230708141], [-86.21651059915978, 39.71938620688567], [-86.21653836563542, 39.719377662538754]]], [[[-86.19754908884835, 39.74920913013668], [-86.19703199201247, 39.748621220625694], [-86.19655814657952, 39.74762231215094], [-86.19646702616258, 39.74647433086919], [-86.19664036606451, 39.74568870775112], [-86.19639407381376, 39.745004785380104], [-86.19609467563279, 39.74329612072743], [-86.19561311716765, 39.74150584357837], [-86.19369753571212, 39.740680577104634], [-86.19300358140704, 39.740178117160525], [-86.19242592323968, 39.73954742771071], [-86.19068959717318, 39.73987066912199], [-86.18758401015756, 39.74019784466722], [-86.18631833986501, 39.7401983872547], [-86.18527156251874, 39.74002775180585], [-86.17522810192344, 39.74019824649955], [-86.17510144663429, 39.74075343718083], [-86.17508469902317, 39.74165455555747], [-86.17615889047019, 39.74340939001181], [-86.17670242891228, 39.74396579646027], [-86.17719173318117, 39.744765446381784], [-86.17800081920123, 39.745554432066385], [-86.17839169602925, 39.74619304117226], [-86.1786237662293, 39.74688849791312], [-86.17868032517663, 39.74748266138189], [-86.17916812514288, 39.74836193163927], [-86.17953206879554, 39.74971062642774], [-86.18005413706769, 39.75057658663842], [-86.18021914135828, 39.75112128954867], [-86.1802768977717, 39.75178863256295], [-86.18021255001489, 39.752322420966934], [-86.17989179715687, 39.75333460334323], [-86.18013285503442, 39.75417900580954], [-86.1801274739052, 39.754889598676456], [-86.17994258687752, 39.75558572713965], [-86.17934698023137, 39.75654348731909], [-86.17967902774868, 39.759082838805206], [-86.17966394778313, 39.760057121876976], [-86.17994933672517, 39.761099392743745], [-86.17991563324274, 39.76238527770961], [-86.17949726048124, 39.76342730763122], [-86.17967028002225, 39.7640813725897], [-86.17970022091484, 39.76477027466105], [-86.1805586404338, 39.76510372349683], [-86.18202339786187, 39.76511483717297], [-86.18415521190104, 39.7653663233231], [-86.1856438848181, 39.765861432650354], [-86.1876539821573, 39.766953113311935], [-86.18963789018413, 39.76837872724602], [-86.19067471409123, 39.768915576807025], [-86.19128549755271, 39.76942119550857], [-86.19202028856759, 39.77019475977265], [-86.19247605085802, 39.770812227145484], [-86.19282171399368, 39.77172661416457], [-86.19469886311846, 39.77428277136689], [-86.19522947645336, 39.77515961575288], [-86.19600887159946, 39.77705524990589], [-86.19625161077887, 39.77809466234386], [-86.19623166388341, 39.77953158164281], [-86.19579303272407, 39.780893028375814], [-86.19478041134835, 39.78252755759696], [-86.19424047148942, 39.78310324516288], [-86.19360307205498, 39.78356212130833], [-86.19534868159914, 39.78406009196959], [-86.19675709140634, 39.78463388149525], [-86.1982426101282, 39.785417852471966], [-86.19912726324088, 39.78603016241665], [-86.2000627822523, 39.78704331497752], [-86.20060562457535, 39.78813884168248], [-86.20213248723077, 39.789278996013124], [-86.20324382979665, 39.79041643005885], [-86.20387562379327, 39.79129912387215], [-86.2043823135194, 39.79235506520575], [-86.2046921113557, 39.793403566087264], [-86.20473554071151, 39.79429165613154], [-86.20440521146548, 39.795662940521055], [-86.20392542353967, 39.79655670540567], [-86.20321324392245, 39.797362476713474], [-86.20241056174739, 39.79798219982552], [-86.20140999959746, 39.798512519508556], [-86.19983479230508, 39.79912172189326], [-86.19976251647492, 39.80031182690524], [-86.20110122202314, 39.80301197379163], [-86.20153284675958, 39.80426904236932], [-86.20165098643588, 39.8054932562149], [-86.20149501208921, 39.806489743367095], [-86.20288067014371, 39.806399351343494], [-86.20422910291076, 39.806622928706936], [-86.20543534005188, 39.80713876198619], [-86.20610842207356, 39.80762401430349], [-86.20651690933806, 39.808047332851366], [-86.2063623196819, 39.80048891708598], [-86.20659967138928, 39.795296272191614], [-86.20645551417944, 39.78872659000673], [-86.20663501027319, 39.78767187658167], [-86.2069732194529, 39.78701090976742], [-86.20777595770065, 39.78614600663838], [-86.2088695415992, 39.785498111689634], [-86.21015979729606, 39.78512301463032], [-86.21153562248347, 39.785053014182374], [-86.2128785498557, 39.785294138013576], [-86.21407294342373, 39.785825623882694], [-86.2147350918471, 39.78631958313408], [-86.21546374320218, 39.78722268361339], [-86.21582122655342, 39.78825007776158], [-86.21596151429851, 39.79182293673409], [-86.21599670991016, 39.79542316910362], [-86.21576975084979, 39.79988013387764], [-86.21597288887752, 39.809607272108124], [-86.21589648198552, 39.81031542656282], [-86.21564240353534, 39.81099847744278], [-86.21522041300764, 39.81163017433296], [-86.2143096759608, 39.812429095207754], [-86.21313741749758, 39.812989718569575], [-86.21180459992922, 39.81326375784925], [-86.21042602032396, 39.81322760970855], [-86.20912041896266, 39.81288438784294], [-86.2080002474602, 39.81226365461581], [-86.20740504546114, 39.81172120448675], [-86.20703959021397, 39.811226840668816], [-86.20591614024124, 39.81443816047857], [-86.2062716755231, 39.81522096701046], [-86.20638137418611, 39.81592651386182], [-86.20620787885308, 39.81698182657132], [-86.2058487447319, 39.81767713916538], [-86.20653088847055, 39.819146884790925], [-86.2066140260402, 39.81985458682875], [-86.20651651895889, 39.820561197510436], [-86.20624210902203, 39.82123956169105], [-86.20552362434977, 39.82214766149453], [-86.20486689085115, 39.822646171415194], [-86.20409664082264, 39.82303630433339], [-86.2027940939206, 39.823386780815945], [-86.20141568711479, 39.82343059833539], [-86.20008014582892, 39.82316398297002], [-86.19927086204129, 39.822824061478805], [-86.19856314081575, 39.82236892619219], [-86.19775015616283, 39.82150951091911], [-86.19610796315087, 39.81849899123396], [-86.19591903620554, 39.819386049931644], [-86.19590301881121, 39.82056934975759], [-86.19559248963711, 39.82239867104432], [-86.19585463607116, 39.82326674231826], [-86.19585686731325, 39.823977338479274], [-86.19567926380307, 39.82467461613216], [-86.1954088511137, 39.8252002016839], [-86.1971414242257, 39.82662612225247], [-86.19756191376551, 39.82717410771784], [-86.19790143736292, 39.82791383516615], [-86.19802670837134, 39.828584424650344], [-86.19791267646917, 39.82957678705085], [-86.19764714060926, 39.8302065822655], [-86.19717835552778, 39.83085679245478], [-86.19640271514207, 39.831522428284146], [-86.19538390271951, 39.832043358840295], [-86.19454639309754, 39.83228896938004], [-86.19371111222756, 39.83240675513594], [-86.19287939285705, 39.83240800049095], [-86.1921810012647, 39.832315488226016], [-86.19147577799617, 39.833001952603034], [-86.19035890986882, 39.83362656628409], [-86.18950368129568, 39.83389153986147], [-86.18848376393004, 39.83402617000808], [-86.18733222087427, 39.83456213292409], [-86.18603285400675, 39.83482207210794], [-86.18394088722187, 39.83558249142045], [-86.18155039748719, 39.83680066574297], [-86.18061968293277, 39.83817879650312], [-86.17984858416109, 39.83978539924608], [-86.17976881934715, 39.84078852137553], [-86.17949561408503, 39.84146718854508], [-86.17905589614956, 39.84209172643039], [-86.17846656072321, 39.84263813260662], [-86.17779434432161, 39.84306053623652], [-86.17747184505178, 39.84355958506818], [-86.1775218002612, 39.84439335408069], [-86.17736382938074, 39.8450934367386], [-86.17703170419152, 39.845756310659546], [-86.17653818406113, 39.84635650052301], [-86.17590223241314, 39.84687093945354], [-86.17510065094191, 39.847298318678746], [-86.17288971992583, 39.8499919910394], [-86.17232082263752, 39.85055115886116], [-86.17162131582907, 39.851014033385695], [-86.17063978571568, 39.85141546190694], [-86.16977281639168, 39.85210749764617], [-86.16836227658877, 39.853544931208425], [-86.16702216476213, 39.854742340021794], [-86.16377635015922, 39.85718391657643], [-86.15644265351995, 39.867528658726854], [-86.15556760808217, 39.86855190339365], [-86.15449552632478, 39.86940293674719], [-86.1499649388199, 39.87221086533357], [-86.14952123704168, 39.872709153427], [-86.14883166298601, 39.87323026393932], [-86.14704933146182, 39.87402578846679], [-86.14713004311335, 39.874830293063845], [-86.14701733427223, 39.875874753695534], [-86.14648473095473, 39.877305116250824], [-86.14634649842448, 39.87841692674672], [-86.14608904546137, 39.87903298747039], [-86.14572015953532, 39.87958750420827], [-86.14654306255994, 39.879627803831575], [-86.14743578630525, 39.879806354309224], [-86.14864784973955, 39.88031579600336], [-86.14961579526829, 39.881074364476966], [-86.15025626351805, 39.88201673918806], [-86.15051408730956, 39.883061768997386], [-86.15042441186098, 39.88390676814662], [-86.15041734191661, 39.88656685515001], [-86.15042994546816, 39.88976914819341], [-86.15051922160195, 39.890840098334685], [-86.15035129957135, 39.89153881107925], [-86.15000964026174, 39.89219886210744], [-86.14950736950618, 39.89279488454481], [-86.14886378711574, 39.893303971646034], [-86.14810362552966, 39.89370655738324], [-86.14725609937253, 39.8939871686767], [-86.1458504491592, 39.894156006992944], [-86.1457458925555, 39.90541222924841], [-86.14554204229617, 39.90642746349948], [-86.14513699419813, 39.9075278098331], [-86.14461961191232, 39.9084759972331], [-86.14389823513531, 39.90944288132334], [-86.14504630756544, 39.909119389041976], [-86.14596258510412, 39.90903564180779], [-86.14688247294806, 39.909091158087634], [-86.14777062575291, 39.90928380480599], [-86.14859291696399, 39.90960617980105], [-86.14931774957144, 39.91004589611157], [-86.14991726988147, 39.910586057737795], [-86.15036843773288, 39.91120590863294], [-86.15065391205913, 39.91188163003268], [-86.15076271774305, 39.912587255529246], [-86.15068010900411, 39.92021776273923], [-86.15033522429016, 39.92124781524796], [-86.14961683666372, 39.92215642474644], [-86.14858680509836, 39.922865336195024], [-86.14776990110255, 39.92319596984681], [-86.1468849114326, 39.923397537375756], [-86.14596585041214, 39.9234622915624], [-86.14459629737516, 39.92329768777967], [-86.1436873093542, 39.92336543902514], [-86.14131184059787, 39.92333227261451], [-86.1413014520467, 39.924066511672535], [-86.14106753303138, 39.92484255070989], [-86.14107121724889, 39.925732462961655], [-86.14153291280586, 39.92646760793504], [-86.14178804444319, 39.92751304429698], [-86.14163801609844, 39.92857048396253], [-86.14107811265724, 39.929568698562285], [-86.14112883389487, 39.940767490234094], [-86.14105977010766, 39.94805953504971], [-86.14087288763977, 39.948755402311704], [-86.14051320405999, 39.94940983670758], [-86.13968159543761, 39.95025945863656], [-86.13856532468697, 39.95088669207625], [-86.137709703685, 39.951153678609984], [-86.13680284163365, 39.951287058921345], [-86.13587959389287, 39.95128170656014], [-86.13497544587463, 39.95113782730509], [-86.13412514851801, 39.950860951242014], [-86.13336138206284, 39.95046172011073], [-86.13271349958951, 39.94995547811318], [-86.13220639869762, 39.949361681943856], [-86.13185956472978, 39.94870315276032], [-86.13168632230523, 39.948005198889135], [-86.13162171774515, 39.91430890954227], [-86.1311542833361, 39.913304308605255], [-86.13106016069993, 39.912507638697036], [-86.131121698928, 39.911851112488904], [-86.1312749370195, 39.91135215810244], [-86.13152890783269, 39.910855591360544], [-86.13199596327526, 39.91026529349559], [-86.13193944200378, 39.90963971163045], [-86.13205021441283, 39.908934269776246], [-86.13254425654691, 39.90794090755668], [-86.13307374572807, 39.907358972335665], [-86.13374046966145, 39.90686776741945], [-86.13451880684093, 39.90648616744621], [-86.13522555457342, 39.90626815255279], [-86.13614283628701, 39.90532018085776], [-86.13638333861917, 39.90462299511513], [-86.1364363850931, 39.89217210012165], [-86.1350413331357, 39.88707843572396], [-86.13487573679276, 39.885996631146064], [-86.13484233497232, 39.88481646538573], [-86.1349994364514, 39.88342586372697], [-86.13579770385432, 39.8798070201185], [-86.1372173664115, 39.87594383726264], [-86.13717738584373, 39.874903895568906], [-86.13749608884997, 39.87395794721786], [-86.13749292340685, 39.873500997250794], [-86.1374503092154, 39.872956959681595], [-86.13719821488218, 39.87222657240025], [-86.1366055335719, 39.87142985250856], [-86.13627529363666, 39.870396997554124], [-86.13634649883652, 39.8693442771998], [-86.13594259351555, 39.86709547030433], [-86.13609339542816, 39.866182691232154], [-86.13605952006374, 39.863780694217446], [-86.13586592721478, 39.863292060456644], [-86.13575628784889, 39.86258651442741], [-86.13582736888752, 39.86187804178377], [-86.1360262662976, 39.86130952463591], [-86.13595244976291, 39.856753949317245], [-86.13546558596836, 39.85599569554615], [-86.13520440997, 39.85495117283585], [-86.13532290239675, 39.85294207010559], [-86.13559821319424, 39.85226390402315], [-86.13587076471048, 39.85185340217441], [-86.13564209283521, 39.834247284931635], [-86.13555519066685, 39.833620873229535], [-86.13561917270509, 39.83216170533268], [-86.1353651279238, 39.83148503099519], [-86.13528612142973, 39.83077705573529], [-86.13541763456641, 39.82998348802857], [-86.13536086688126, 39.828398334692665], [-86.13556608184143, 39.827629317426165], [-86.13556033187818, 39.82715255550849], [-86.13509258672174, 39.82764294006552], [-86.13451362222257, 39.82808012099811], [-86.13341064066577, 39.82861314165462], [-86.13228487126077, 39.82888409243943], [-86.13111992853813, 39.829843417121694], [-86.1304948146275, 39.830636054066666], [-86.13010612761778, 39.831967335133996], [-86.12924546947268, 39.833315431053386], [-86.12847269962548, 39.83428582522596], [-86.12754500327601, 39.83502896428371], [-86.12675734764913, 39.835448805996705], [-86.12542380410996, 39.835979441170636], [-86.12361178291805, 39.83662353867331], [-86.12287688159199, 39.836778098641226], [-86.12247199984749, 39.83745721306334], [-86.12175915532629, 39.83817472804822], [-86.12106165600733, 39.8386311790402], [-86.12025579824616, 39.83898221383141], [-86.11926091444114, 39.83922844893407], [-86.11824391349374, 39.8393043886003], [-86.11720329069263, 39.83920928516297], [-86.1163990330474, 39.83903630531875], [-86.11586183190002, 39.83927280012251], [-86.11494709178915, 39.83982747900002], [-86.11449589927766, 39.8404502831329], [-86.11269790244704, 39.84211146660889], [-86.1123366557794, 39.842793008545236], [-86.11186914922656, 39.84338709503999], [-86.11084414523712, 39.844226635571815], [-86.10992987795515, 39.845320857947684], [-86.10916358002879, 39.845921992141534], [-86.10820336211971, 39.84794960034735], [-86.10764983037137, 39.84876485098698], [-86.10685709364743, 39.84952678212031], [-86.105881060934, 39.85014501292021], [-86.1045718836565, 39.85064175829377], [-86.10284951600595, 39.8510242600826], [-86.10138542254806, 39.85173835050007], [-86.10051740617133, 39.85197779556073], [-86.09960545750477, 39.85208211213347], [-86.09868462750406, 39.85204729084202], [-86.0972906973581, 39.85170839878116], [-86.09633164395956, 39.85197100281733], [-86.09549078894509, 39.85209128530801], [-86.09329766577129, 39.85391425914889], [-86.09150024518145, 39.85513100795068], [-86.0902756201093, 39.8556216254652], [-86.0889053080362, 39.85581700012758], [-86.08885486590671, 39.856693470525855], [-86.08842343845042, 39.85770390284416], [-86.0876299858089, 39.85857430266647], [-86.0869325114919, 39.859039053057195], [-86.08613078246479, 39.85939000203167], [-86.08493861278988, 39.8597221023979], [-86.08093626863828, 39.86030001494806], [-86.07907780231858, 39.86034304751832], [-86.07893959339712, 39.86113153907659], [-86.07859680753225, 39.86197667299527], [-86.07811026107363, 39.862719424338756], [-86.07741405922233, 39.86344038631771], [-86.07670813293979, 39.86396471921725], [-86.076001339835, 39.864367789757964], [-86.07514211026856, 39.86471761495318], [-86.07409554895374, 39.86500074201958], [-86.07312055911346, 39.865559738664636], [-86.07214679043362, 39.86673264517307], [-86.07149243997998, 39.86734959575631], [-86.070529816256, 39.867980712097456], [-86.06941640020469, 39.86847451944009], [-86.06844120211932, 39.868726369030846], [-86.06715650042217, 39.8688833231714], [-86.06615271731374, 39.868892953361225], [-86.06510150339798, 39.86874698929036], [-86.06418713931366, 39.86850459058625], [-86.06333257416894, 39.86818331587546], [-86.06033423437526, 39.86662933200387], [-86.05899944618636, 39.867145507295575], [-86.05811169466162, 39.86739015915803], [-86.05718943962225, 39.86754868204379], [-86.05580104390567, 39.86766428592916], [-86.05593169650807, 39.86833866813692], [-86.05583089455922, 39.86936029560277], [-86.05551569856964, 39.8701199408955], [-86.05479548788304, 39.871014167643544], [-86.05553967812023, 39.871750637389006], [-86.0558530929376, 39.87222922108863], [-86.05615555911073, 39.872991044825845], [-86.05625609222464, 39.87426025791132], [-86.05589724815204, 39.875587756653026], [-86.05518076566575, 39.87659542250125], [-86.05457592612153, 39.877123681023555], [-86.05387504093481, 39.87754845721196], [-86.05347629384944, 39.87814536528138], [-86.05290443116245, 39.87870285560815], [-86.05181080080995, 39.879352132562616], [-86.05096534541853, 39.87963608759245], [-86.05040082507092, 39.87974414971658], [-86.06511501859194, 39.87962892433346], [-86.06642714050918, 39.879769939989615], [-86.0672508196008, 39.88001902046572], [-86.06833713161373, 39.88060329157832], [-86.06930704280875, 39.8815454327065], [-86.06982725310961, 39.88253077032794], [-86.069956754235, 39.883234308611186], [-86.06981263454813, 39.8842922234181], [-86.06927608393387, 39.88527235295884], [-86.06839329736353, 39.8860902840692], [-86.06724029679408, 39.88667557027621], [-86.06636983912009, 39.88691065067695], [-86.06545657039602, 39.8870103865055], [-86.06415973046713, 39.88691140420402], [-86.05227893033752, 39.88698088817771], [-86.05157755368843, 39.88713951055959], [-86.05066068918278, 39.887211920226164], [-86.04743986543032, 39.88711695457563], [-86.0460377482597, 39.88719364884505], [-86.04369038230492, 39.88712552241357], [-86.03339305599069, 39.88721896684863], [-86.03209254991629, 39.88715716262138], [-86.03120348146179, 39.88696788201164], [-86.03000182986383, 39.8864438884989], [-86.02904939197789, 39.88567373197135], [-86.02842818995889, 39.88472374464603], [-86.02819171033569, 39.88367574418658], [-86.02836030148698, 39.88261998580333], [-86.02891942701288, 39.88164738882311], [-86.02982092347877, 39.88084170741084], [-86.03098715223406, 39.88027231948144], [-86.03186280489238, 39.880049191985975], [-86.03277812979998, 39.879961958796635], [-86.03667858127511, 39.879898126827115], [-86.04925026252181, 39.879903612262964], [-86.04977236955196, 39.87980269651715], [-86.04832361190364, 39.87975134993768], [-86.04701792906415, 39.8794055612704], [-86.0462447206083, 39.87901820888515], [-86.0455844632274, 39.87852207742865], [-86.04485993318661, 39.877616596605264], [-86.04458121232729, 39.87693924803971], [-86.04447936195241, 39.87623301969124], [-86.0445450402072, 39.875324151553755], [-86.04471191570072, 39.87465441989271], [-86.0446368799177, 39.87056911408726], [-86.04230317481556, 39.87170274097391], [-86.04118542452544, 39.87238313553943], [-86.04036007841093, 39.87272207181196], [-86.03890184016902, 39.872986005014674], [-86.03787612291681, 39.872956016056044], [-86.03695483917214, 39.87277423049046], [-86.03517321383842, 39.87348990791186], [-86.03390722459277, 39.8737774511428], [-86.03078525440213, 39.87406406343437], [-86.02855357471343, 39.874000943392424], [-86.02770098849419, 39.87414325510723], [-86.02657078592176, 39.8742014212051], [-86.02527008532238, 39.87409508201829], [-86.02325011096654, 39.87367890821262], [-86.02229745851916, 39.87370164171323], [-86.02155038838518, 39.87362359480386], [-86.0204893935219, 39.87397248173687], [-86.01851586849288, 39.87426649670641], [-86.01759565994269, 39.87421956973414], [-86.01670501889384, 39.874035214500694], [-86.01587817689801, 39.87372051678165], [-86.01514691230226, 39.87328757193761], [-86.01453932852677, 39.872753019836686], [-86.01407877386347, 39.87213740508306], [-86.01378294433812, 39.87146438718461], [-86.01366320409318, 39.87075983106061], [-86.01372414934345, 39.87005081288186], [-86.01396343255844, 39.86936457947661], [-86.01437185350464, 39.86872750130239], [-86.0149337135228, 39.868164059212866], [-86.01601555477295, 39.86750334339073], [-86.01695462004662, 39.86718880443769], [-86.01796303763905, 39.866715939186534], [-86.01955965177251, 39.86632936052337], [-86.02091901949369, 39.866139891433654], [-86.02220247613977, 39.86612995124731], [-86.02302214351373, 39.86622482655466], [-86.02439392890626, 39.866155010538], [-86.02574134331333, 39.866386148833406], [-86.02678225686178, 39.866821465739704], [-86.02806212346908, 39.86671529485127], [-86.03012268379543, 39.86679789356073], [-86.03074081572876, 39.86670741079307], [-86.03149296698474, 39.86625950043018], [-86.0323203934364, 39.86594585749084], [-86.03496179844032, 39.86536166429127], [-86.03648976131926, 39.86513525077127], [-86.03741176280185, 39.86512471418471], [-86.03801900156674, 39.86519876087334], [-86.04009147625209, 39.86416500123621], [-86.04140420556631, 39.8637096653223], [-86.04360260435412, 39.86250487395949], [-86.04593818094358, 39.86190631712247], [-86.04763669078606, 39.86173745643753], [-86.05086414179746, 39.86047724393029], [-86.05221626273894, 39.860263457231234], [-86.05313744820471, 39.86029405013869], [-86.05411482117992, 39.86048815996295], [-86.05548792035502, 39.86038342272208], [-86.05659991979967, 39.85994284216523], [-86.0573633101676, 39.859492142473734], [-86.05793437893793, 39.85925361701943], [-86.05929731154063, 39.85892507098724], [-86.0605223945094, 39.85888572714865], [-86.06241498392137, 39.85919755651515], [-86.06467523722162, 39.86012337196425], [-86.06569268323992, 39.860666018246654], [-86.06653735717248, 39.86011423144307], [-86.0697035150764, 39.858586162530834], [-86.06958761314623, 39.85756732036608], [-86.06961738981666, 39.856930026084555], [-86.06975474090089, 39.856365107871845], [-86.07009565035266, 39.85566378219428], [-86.07117187772462, 39.8544133819799], [-86.07191896941241, 39.853843157039094], [-86.07263262382708, 39.85344171567325], [-86.07396725854764, 39.85301257981987], [-86.07566101171581, 39.85275587241929], [-86.07692037347128, 39.85272043731103], [-86.07845112725745, 39.85284487422357], [-86.07871187605258, 39.85224019561583], [-86.07905094606932, 39.85163272979502], [-86.07955281151642, 39.85092134421509], [-86.08076582483311, 39.84984468482634], [-86.08165892062117, 39.84923991536431], [-86.08289604379671, 39.848708999336594], [-86.08432918114406, 39.84841034988572], [-86.08558759169313, 39.84837680719262], [-86.08686528937757, 39.848553058570474], [-86.08929775475221, 39.84658985692237], [-86.09055154244297, 39.84576881414213], [-86.0913870703548, 39.845381698460415], [-86.09239945391336, 39.845081187142846], [-86.09341721682426, 39.844913309894615], [-86.09453301658921, 39.844407506894136], [-86.0958142492585, 39.84406366918671], [-86.09780405646971, 39.84378092583714], [-86.10012948099926, 39.84382824557307], [-86.10030956426803, 39.84335691876937], [-86.10034160595457, 39.8426337665643], [-86.100623483902, 39.84154766293723], [-86.1011718490359, 39.84057152464975], [-86.10173270470098, 39.840007608219835], [-86.1024254865247, 39.83953887161813], [-86.10315025415487, 39.83920815768558], [-86.1041692752887, 39.83893451201233], [-86.10532976389582, 39.83746124333581], [-86.10591727904558, 39.83692661726029], [-86.10655281526114, 39.83592049584917], [-86.10753967436327, 39.83496644362853], [-86.10837678761833, 39.834431082683594], [-86.10947078471143, 39.83393032857495], [-86.11038518651259, 39.833284866176704], [-86.1125642995019, 39.832312460867826], [-86.11403255773875, 39.831939760971814], [-86.11569208904963, 39.83179846182393], [-86.1168511690548, 39.83047785467817], [-86.11751034864635, 39.829981223161916], [-86.1182825190597, 39.82959327938343], [-86.11958681649311, 39.82924647474368], [-86.12050499239207, 39.829184965752596], [-86.12125780770639, 39.829242584665295], [-86.12173143236683, 39.82798642228949], [-86.12245852021488, 39.82684394820201], [-86.12344862214482, 39.82565108684123], [-86.12494281595855, 39.824158154744005], [-86.12571496884675, 39.82361924035992], [-86.12640579827855, 39.822917485943776], [-86.1270212942613, 39.82246503237629], [-86.12780539607803, 39.822074837437206], [-86.12905486939357, 39.8217452230423], [-86.12997314369605, 39.82113801454654], [-86.13137495240997, 39.81996063838217], [-86.13104366568477, 39.81871827166682], [-86.13090079016098, 39.81737096372306], [-86.13095940353855, 39.81661696543373], [-86.13150570892378, 39.814946903354894], [-86.13537694716716, 39.79995853261511], [-86.13538989657663, 39.78723833086518], [-86.13451185718976, 39.787685211938836], [-86.13198724743509, 39.78851136591164], [-86.13126243786269, 39.78918269142729], [-86.13053044587127, 39.78961403491892], [-86.12970343082328, 39.78992691665512], [-86.12881317785704, 39.790109311151994], [-86.12743441859554, 39.79012434610599], [-86.1261093795503, 39.78982995819321], [-86.12495218727418, 39.789251503711526], [-86.12431294276413, 39.78871931769153], [-86.12324553550839, 39.78940969113574], [-86.1219761245679, 39.78982507764408], [-86.12060506485025, 39.789938287392545], [-86.11891998905963, 39.789781714968974], [-86.1182232513086, 39.79029820874705], [-86.11682311413918, 39.791069164317285], [-86.11704489466885, 39.79192802426095], [-86.11703845419527, 39.792808695850674], [-86.11667052792608, 39.79383388236361], [-86.11621639820247, 39.79445212160684], [-86.11561463116766, 39.79499013493553], [-86.114888351666, 39.7954272447249], [-86.11406547161955, 39.79574665108028], [-86.11317761717433, 39.79593607775373], [-86.1117990172322, 39.79596201861855], [-86.11047002570804, 39.79567812900203], [-86.10966859852813, 39.795327766842846], [-86.1085761320118, 39.794557869317366], [-86.10758222248538, 39.79357266943201], [-86.10719312427754, 39.7929285829222], [-86.10673082794767, 39.79137237486904], [-86.10670758279048, 39.79066200866889], [-86.1068644268596, 39.78996179334272], [-86.1074199913083, 39.78880524584218], [-86.10747125471937, 39.78833622790164], [-86.10770396050732, 39.787648687002196], [-86.10836602899985, 39.78671558959244], [-86.1093506624754, 39.7859709340792], [-86.11091424738862, 39.785314915272], [-86.11148766762769, 39.784834961742185], [-86.11241488314134, 39.784296994126365], [-86.11325980540731, 39.78337942714447], [-86.1143593461605, 39.782737630967176], [-86.11520684606575, 39.78245944182398], [-86.11647972259821, 39.782248133891386], [-86.11746690812893, 39.78220624664544], [-86.11869894417458, 39.78229814521186], [-86.1200839187779, 39.78257175326872], [-86.12234133545925, 39.782893271645584], [-86.12356275290192, 39.78338675513198], [-86.12431479170563, 39.783918965989386], [-86.12501300254785, 39.78301946023261], [-86.1260008967721, 39.78227741704823], [-86.12722542224958, 39.78178856785168], [-86.12812173557838, 39.78162513964655], [-86.12889194634965, 39.78159821058053], [-86.12968552279033, 39.78138688835799], [-86.13312742058643, 39.7793980658012], [-86.13377874200422, 39.778760677604225], [-86.13490126294761, 39.77811291778764], [-86.13622148668786, 39.777749509572715], [-86.13824515638957, 39.77769102120572], [-86.13910135150543, 39.7768830985805], [-86.14076988586923, 39.77573623296912], [-86.14107979135866, 39.774990730693105], [-86.14153719373421, 39.77437480240173], [-86.14214138616299, 39.77383946975661], [-86.1428691957861, 39.77340526194142], [-86.14369271085869, 39.77308882983757], [-86.14458035101038, 39.77290230772757], [-86.14739269708689, 39.77281750622024], [-86.14746896090669, 39.772766266977605], [-86.14753641630723, 39.77204219969766], [-86.14769017065775, 39.77157338765833], [-86.1478852611577, 39.76687131769304], [-86.14798910973632, 39.76636015761517], [-86.14832346333836, 39.76560656840866], [-86.14716463158334, 39.76462410070353], [-86.1467254243201, 39.76406462347695], [-86.14607958265934, 39.76371320134556], [-86.14542587872896, 39.76319594649976], [-86.13754452981381, 39.755530838381404], [-86.13680390364793, 39.75503116784435], [-86.13620819390283, 39.75448937687211], [-86.1355984851591, 39.753535378885424], [-86.1354040212545, 39.75284081236565], [-86.13537779713923, 39.75239181667647], [-86.13389262426537, 39.75293694879218], [-86.13215919322994, 39.75326270605501], [-86.12894997438676, 39.75326201951941], [-86.12790383726782, 39.753063606789084], [-86.12701147030928, 39.752769849350436], [-86.12545947566343, 39.753205326866286], [-86.12579962017429, 39.754311707187256], [-86.12566595480237, 39.75547523511725], [-86.12547598605532, 39.75592688287672], [-86.12501246841158, 39.75660715779602], [-86.1245634473191, 39.757047758866065], [-86.12367445817424, 39.757696732493855], [-86.12296265594668, 39.75807725279765], [-86.1217467550502, 39.75845843854287], [-86.12034740095248, 39.75860654289461], [-86.11834523855399, 39.758652730889175], [-86.11583149839984, 39.761379130924254], [-86.11485057309484, 39.76212642557932], [-86.1136307893215, 39.762621769931044], [-86.1122711358584, 39.76282246919478], [-86.11160119696319, 39.76317139467536], [-86.1107546172712, 39.763450820638305], [-86.10985366430516, 39.763597408092004], [-86.10875979905988, 39.76358725544571], [-86.10811680080467, 39.764291034953885], [-86.10708146328695, 39.76514495098237], [-86.10471096754904, 39.76652005698196], [-86.10381029730489, 39.76681959987878], [-86.10278956223566, 39.76698435348095], [-86.10139094125674, 39.76699880863893], [-86.09939021955495, 39.766821683568054], [-86.09932154985025, 39.767784061115236], [-86.0990505876144, 39.768492293250176], [-86.09845293239646, 39.76930460546266], [-86.09767031720601, 39.769933834869434], [-86.09676284841636, 39.77039986803075], [-86.09525266761432, 39.77094650632245], [-86.09429928172156, 39.77118976355222], [-86.09320788342596, 39.7712816778525], [-86.09153242441087, 39.77115346340671], [-86.09091711294622, 39.77193552946241], [-86.08998509346705, 39.77262466213669], [-86.08873565768684, 39.773131478576246], [-86.08747673288312, 39.773369136602405], [-86.0869800604245, 39.774051835024096], [-86.08623466740814, 39.7746802489679], [-86.08548177819964, 39.77508944511275], [-86.08418005204045, 39.775561017803746], [-86.08424432577492, 39.776912003315445], [-86.08407033281344, 39.77773468861074], [-86.0835128396404, 39.7787946145834], [-86.08257635918254, 39.77976623741094], [-86.08115816557843, 39.78063183106102], [-86.0800238278558, 39.78109163972685], [-86.0787283989748, 39.78135606298306], [-86.0772290409791, 39.78154768128766], [-86.07630808076149, 39.78155362276258], [-86.07555678899955, 39.78144943082685], [-86.07441905954123, 39.78163498722728], [-86.07304352377652, 39.781562791678475], [-86.07216738570168, 39.78134374021313], [-86.07136347828067, 39.78099701410684], [-86.07035958105283, 39.78026790550992], [-86.06967324428538, 39.779345342642465], [-86.06913292090421, 39.7775674996851], [-86.0689486697345, 39.776122167940514], [-86.06901284481494, 39.775461233722986], [-86.06896498044864, 39.771845380450806], [-86.06808162299293, 39.771704112324215], [-86.06694472113028, 39.77171198814578], [-86.06403878895769, 39.77189349187911], [-86.06172981073875, 39.77214357424746], [-86.06059838190811, 39.77209420754947], [-86.0597958004954, 39.77225887891742], [-86.05888125903233, 39.77234202017483], [-86.05765086793774, 39.772230361125075], [-86.03990516919397, 39.77318114650629], [-86.03813724697194, 39.773196060202906], [-86.03712264109187, 39.7733308085367], [-86.0314027730603, 39.773643755604624], [-86.0293210185379, 39.77373823259886], [-86.0283275244306, 39.77368194299396], [-86.02727013362906, 39.773840736925955], [-86.02551560547884, 39.77394830292386], [-86.01999081126476, 39.77421328963324], [-86.01859838203127, 39.774356899475286], [-86.01124181597189, 39.774697071053325], [-86.00810373864455, 39.774917209051544], [-86.00677863590826, 39.774913525117455], [-86.00205108888936, 39.77520964040227], [-86.00067881687109, 39.77512939846351], [-85.99939361818124, 39.77532392609133], [-85.98153831820893, 39.776327755559755], [-85.97997117011116, 39.7763153968796], [-85.97865529930223, 39.776024978848135], [-85.977270358163, 39.77638374633605], [-85.97483618609104, 39.776542799376045], [-85.97419921795155, 39.777087833437484], [-85.97345832745087, 39.777509871365915], [-85.97262495721459, 39.77781226720431], [-85.9717311367542, 39.77798339848765], [-85.9703525225706, 39.777981032233924], [-85.96945969811489, 39.77780683445424], [-85.96862808036329, 39.77750158115571], [-85.96766453036311, 39.7769025297585], [-85.96664783936208, 39.77707282307115], [-85.96649873845124, 39.77751143603083], [-85.96611903141937, 39.778158802259], [-85.96526245515814, 39.77899228665569], [-85.96412916870393, 39.77959801684177], [-85.96326737815848, 39.77984858707469], [-85.96235878653022, 39.779964614110966], [-85.96098470086996, 39.779878091492435], [-85.95970234729926, 39.77948752050249], [-85.95862217415595, 39.778826541699544], [-85.95806129284004, 39.77826295392805], [-85.95775986908994, 39.77781456023112], [-85.95695237439556, 39.77756639355003], [-85.93312180131849, 39.7787984161031], [-85.93220132154552, 39.778776157581184], [-85.9313041599463, 39.778615762057484], [-85.93046479881201, 39.77832339442541], [-85.92938378564185, 39.77766326087442], [-85.9285976944214, 39.77678942060398], [-85.92817421622749, 39.775777134481444], [-85.92811275115646, 39.77506814716537], [-85.92823172077748, 39.77436353005553], [-85.92852654788972, 39.773690360586976], [-85.92898589816028, 39.77307450696112], [-85.92994321776688, 39.772309132595936], [-85.93072453192896, 39.77193307532401], [-85.9315859016332, 39.77168185859408], [-85.93249422909093, 39.771565135199225], [-85.95823308136437, 39.77023597562365], [-85.95920340056927, 39.77022707895914], [-85.96006570655996, 39.77032931188817], [-85.96101735904321, 39.7700579164691], [-85.96192364051475, 39.769943804631254], [-85.96298202102209, 39.769971077670185], [-85.96527555974045, 39.769860564002606], [-85.96754436545548, 39.769595149430984], [-85.97069813083382, 39.769387050282084], [-85.97204267559998, 39.769420315498316], [-85.97521561327846, 39.76925651132443], [-85.97694212997308, 39.768868000379], [-85.97822236983308, 39.76871519516819], [-85.98062265504088, 39.76879232910217], [-85.98186606868849, 39.769044753968245], [-85.9979853255888, 39.76813726052469], [-85.99969597561304, 39.76787153381981], [-86.0013583491523, 39.76782446482073], [-86.0023967331995, 39.76793256990858], [-86.00612256654799, 39.767681238969615], [-86.00751157580238, 39.76768028171369], [-86.02477575675974, 39.76672121033307], [-86.02600564114162, 39.766621460575465], [-86.02706845070331, 39.76633681936279], [-86.02811324666803, 39.76621353994135], [-86.029242370528, 39.76626066147217], [-86.03011979936137, 39.76643467168031], [-86.03078926913254, 39.76640767380333], [-86.03598596528693, 39.76612432331692], [-86.03774844455857, 39.76594122600805], [-86.03903857730215, 39.76595932453443], [-86.0585438593211, 39.76494602946473], [-86.059539601338, 39.76477102272089], [-86.06079747614899, 39.764794182339095], [-86.06655639308757, 39.764462351614334], [-86.06922110289513, 39.764384918003145], [-86.0703856120496, 39.764299079700635], [-86.07166191067216, 39.76407652625236], [-86.07457831063257, 39.764206069784784], [-86.07582833907198, 39.7645526601716], [-86.07663512963269, 39.764969850345864], [-86.07752588470625, 39.76573025800571], [-86.07796328157777, 39.766355559186245], [-86.078303721432, 39.76738635323101], [-86.07834041156958, 39.76898461056921], [-86.07874076153708, 39.76889285185529], [-86.07943068388916, 39.76789036252691], [-86.08040000011333, 39.76713404660334], [-86.08118717057066, 39.76676537078233], [-86.08205241095008, 39.766522284216585], [-86.08390008977561, 39.76639204722013], [-86.08505296456413, 39.7651246033482], [-86.08591064813511, 39.76451435659218], [-86.08636483814284, 39.764283543792246], [-86.08730309553422, 39.76396135531112], [-86.08794458909648, 39.76383082779449], [-86.09019554406265, 39.763704959933264], [-86.09065953289945, 39.76287944537637], [-86.09149136283966, 39.76206791771658], [-86.09239934907285, 39.76101684266194], [-86.09294602657786, 39.76008715849865], [-86.0938511285006, 39.75928491733728], [-86.09460632850518, 39.758878452669904], [-86.09589452111996, 39.75850021401405], [-86.09680879561387, 39.75841648799497], [-86.09772666670291, 39.75847202811702], [-86.09903336474648, 39.75881034699815], [-86.09980895102643, 39.759193262388735], [-86.10035357822888, 39.75958801760122], [-86.10059144310783, 39.75959675705768], [-86.10102010516654, 39.758655873147255], [-86.10159146132084, 39.75796115634992], [-86.10246749864824, 39.75728310217407], [-86.10322400115817, 39.756878105348335], [-86.10406832932128, 39.75659479528009], [-86.10496803986676, 39.756444057933585], [-86.10588856243066, 39.75643168525192], [-86.10717752551376, 39.756658146837516], [-86.10793974484282, 39.75641042914321], [-86.1090121224994, 39.756255836031016], [-86.11120204761811, 39.753880947365666], [-86.11203454281437, 39.75309291230342], [-86.11274124361107, 39.75256486982982], [-86.11360504415683, 39.75210885848036], [-86.11372508477456, 39.75144511207356], [-86.11401820327966, 39.75077643902345], [-86.11520066304665, 39.7493256363534], [-86.11600949381507, 39.74866286698096], [-86.11690270692114, 39.748172941157414], [-86.11828214285954, 39.74774439446867], [-86.12078817522315, 39.746649471500625], [-86.12182710396276, 39.7463156106226], [-86.12249165820457, 39.74584820326413], [-86.12331736857786, 39.74545186510163], [-86.12471946694745, 39.74505626937243], [-86.12599581846713, 39.74494892624273], [-86.12770524917114, 39.745134918426565], [-86.12860989002353, 39.745334043382975], [-86.12986970567377, 39.74579762086376], [-86.13051715085629, 39.745191900471056], [-86.1311144272386, 39.74481888141453], [-86.13205931240633, 39.74370840463219], [-86.1328812403329, 39.743129756082865], [-86.13414326865606, 39.74258494781019], [-86.1349464550749, 39.742381740254096], [-86.13592370957966, 39.74223849610322], [-86.13754326636388, 39.741321024808975], [-86.13800279320509, 39.73963724913721], [-86.13852963663324, 39.73850484862765], [-86.13888159328859, 39.73803590566758], [-86.13948231836203, 39.73746706320659], [-86.14061188583722, 39.736799701918365], [-86.13942946805656, 39.73676033501728], [-86.13780320653336, 39.73641050593558], [-86.13663599335577, 39.735845259983186], [-86.13573158579378, 39.73504275237845], [-86.1353142620395, 39.73440939685862], [-86.13500664897964, 39.73337248566943], [-86.13502530600515, 39.732662028955026], [-86.13533478214143, 39.7317416450264], [-86.13498927275774, 39.73074987150152], [-86.13497008385596, 39.73003942292978], [-86.13527689581697, 39.729002372913065], [-86.13569369902596, 39.728368826715226], [-86.13626255638577, 39.72781023780615], [-86.13735172609304, 39.727158858886156], [-86.1381944101403, 39.72687327254217], [-86.13909305209324, 39.7267201102861], [-86.14001312262924, 39.72670525723436], [-86.14112418800804, 39.72679262262944], [-86.14252713756775, 39.72643560491118], [-86.14444056807993, 39.726369046622196], [-86.1458043895043, 39.726519291084195], [-86.14665655552064, 39.72678757173992], [-86.14750397527646, 39.72723401386301], [-86.14802805412788, 39.72738771275774], [-86.14942461364832, 39.72799682141115], [-86.15045350326383, 39.72861173113968], [-86.15131684700513, 39.72901968535514], [-86.15226870484081, 39.72978872827124], [-86.15302481104362, 39.730817171860245], [-86.15411372936288, 39.73112506209909], [-86.15488460394573, 39.73151325192132], [-86.15582115423187, 39.73229344399306], [-86.15626402694895, 39.732916368459975], [-86.15661989287445, 39.73397540506181], [-86.1566215920494, 39.7347085275861], [-86.1561751643388, 39.73631540961372], [-86.15553083361624, 39.737255693872896], [-86.15491562260804, 39.73778424014589], [-86.15377322543611, 39.73837898135849], [-86.15290791858607, 39.73862120349548], [-86.15218988176485, 39.73871321597038], [-86.15117218518255, 39.73904289850817], [-86.15119091246927, 39.740156348604884], [-86.1509709210334, 39.74084635816398], [-86.15058078199017, 39.74148997484703], [-86.15003548472156, 39.7420624631887], [-86.14935598313872, 39.74254182077654], [-86.14856839067228, 39.742909624096875], [-86.14740148629856, 39.74319901551553], [-86.14732269294568, 39.74399997659951], [-86.14704614811096, 39.74476542107816], [-86.14654247054949, 39.745535870259296], [-86.14586854968513, 39.74618611757306], [-86.1433436002413, 39.74767125700407], [-86.14249464664272, 39.747946019551826], [-86.14148660220431, 39.74809201710686], [-86.14066822196109, 39.748529554573004], [-86.14209843765364, 39.74880466246391], [-86.14290517855088, 39.749146940053855], [-86.14360992170529, 39.749604126213434], [-86.14418558509882, 39.75015865359811], [-86.14459330691514, 39.75072861022414], [-86.1516583040382, 39.75758595609749], [-86.1524233238232, 39.75772611856933], [-86.15331173651337, 39.75803769349461], [-86.15404494984907, 39.75844723886615], [-86.1546168282094, 39.7589116302895], [-86.15504137605309, 39.75939996977076], [-86.15544748317915, 39.76014311300054], [-86.15563494693004, 39.761022184404084], [-86.15734433454175, 39.7624315838095], [-86.15751335080203, 39.76083339284929], [-86.1578051412275, 39.76015941950224], [-86.15826168271573, 39.75954232905116], [-86.15886542791874, 39.75900583411105], [-86.15959317455538, 39.75857054980924], [-86.1604169571672, 39.75825320187266], [-86.16130512159644, 39.758065984172994], [-86.1626830768047, 39.7580434485785], [-86.16401018194149, 39.75833059293762], [-86.16517216280042, 39.75890269228662], [-86.16580481127357, 39.759418967566276], [-86.16648019889244, 39.760346265871526], [-86.16672283331148, 39.76103175077135], [-86.16678753191809, 39.76174059700548], [-86.16663008499611, 39.76380576929395], [-86.16756360323596, 39.76380551994398], [-86.16801873303059, 39.76295836245561], [-86.1686963745488, 39.76219745701861], [-86.1693229006077, 39.76167673501019], [-86.17025611861132, 39.76118538449185], [-86.17028031800815, 39.75960442811855], [-86.17013959920337, 39.758937031247406], [-86.17013908769073, 39.75808211288263], [-86.16979699255063, 39.757032932351926], [-86.16969877250617, 39.75588282615298], [-86.16979242128221, 39.75487393330656], [-86.17024109129827, 39.75356211188743], [-86.1702757411709, 39.75285393328175], [-86.17046602279461, 39.75189731547305], [-86.17008623369237, 39.75058814703826], [-86.16959332297058, 39.74984333280104], [-86.1693570158171, 39.749165493965506], [-86.16881113967571, 39.748146170062995], [-86.16770450477239, 39.746886961677184], [-86.1673755438033, 39.746279009144395], [-86.16719753741037, 39.74572803492877], [-86.16614678436105, 39.74401992997218], [-86.16580823701611, 39.74301153689127], [-86.1656915770646, 39.741791139398764], [-86.16581096872206, 39.73968763043737], [-86.1662809010697, 39.73763752424919], [-86.16663895093062, 39.73671270056055], [-86.16707675009431, 39.736026182511004], [-86.16853381968753, 39.734341056225965], [-86.16927078434598, 39.73380808114765], [-86.17018259526378, 39.733378188730505], [-86.17122412494399, 39.733102680100515], [-86.1718068981901, 39.73303038134617], [-86.17316611895338, 39.733071248686315], [-86.17533004688978, 39.73291134428116], [-86.18413800795513, 39.73281267039469], [-86.18644588963525, 39.73266293777946], [-86.18742569085538, 39.73270633018315], [-86.18818988354447, 39.73282637370736], [-86.18948944499441, 39.73266073859559], [-86.19138038917515, 39.73204145193028], [-86.1927279400379, 39.73181132786514], [-86.19546372474841, 39.7317229251156], [-86.19633819171233, 39.73177312137609], [-86.1972169874682, 39.73194914080232], [-86.19828017635524, 39.73235926934923], [-86.19912448727155, 39.73290025100279], [-86.19980686130683, 39.733575865906694], [-86.20018353054913, 39.734151086727216], [-86.20052471481172, 39.73499842109518], [-86.20148499104691, 39.73537760196069], [-86.20232755701488, 39.73588438733652], [-86.20298321292613, 39.73643758696604], [-86.20366540628991, 39.73721013171088], [-86.2041228137765, 39.73795002866722], [-86.20444360411422, 39.73872875747041], [-86.2055974767305, 39.74317073066325], [-86.20740120777859, 39.74468825474088], [-86.20889318862692, 39.7460737861134], [-86.2097154747388, 39.74664578787674], [-86.21057157771703, 39.747530372066315], [-86.21148406077234, 39.748615334111626], [-86.2119048238598, 39.74934859141238], [-86.21211195858554, 39.75017917958844], [-86.21212809844616, 39.75081224766764], [-86.21339257041879, 39.751172785577225], [-86.21464691667066, 39.75181623604283], [-86.21561543909645, 39.752601635007316], [-86.21654300497424, 39.75369048391741], [-86.21709057577901, 39.75465314139459], [-86.21734450208628, 39.75563896763131], [-86.2172254021515, 39.756698760865774], [-86.21671283350511, 39.757686233506206], [-86.21617302103206, 39.7582618890441], [-86.21549806399214, 39.75874519835746], [-86.21471390108402, 39.75911758606504], [-86.21385066977517, 39.75936473967886], [-86.21294154775119, 39.75947715990484], [-86.21202147727783, 39.759450525896256], [-86.21112582159505, 39.759285861393025], [-86.2102890050979, 39.75898949534785], [-86.20921353247103, 39.75832420331004], [-86.20848677691386, 39.757519873706734], [-86.20729330759178, 39.75709185711306], [-86.20632567743769, 39.75662844710624], [-86.20536848542906, 39.75602340952334], [-86.20453653272494, 39.755328372924474], [-86.20378288517912, 39.75448955468814], [-86.20316031206073, 39.753483805992396], [-86.20279654936753, 39.75253869743344], [-86.20262339148651, 39.751513829899295], [-86.20142473580368, 39.750503402740804], [-86.2002750297101, 39.75044918988161], [-86.1993921141842, 39.75024797061106], [-86.1985770270847, 39.74991765322033], [-86.19754908884835, 39.74920913013668]], [[-86.16058560558942, 39.84937453360302], [-86.1612198754521, 39.84843731595826], [-86.16203984067124, 39.84762864671684], [-86.16269532398168, 39.84712898272259], [-86.16337811717614, 39.846776969884424], [-86.16394124766606, 39.846325471816314], [-86.16433880092926, 39.84585734553996], [-86.16436585326714, 39.84494011651889], [-86.16474731471412, 39.84383918351903], [-86.16485830331014, 39.843130552666175], [-86.16515204016694, 39.84244512028881], [-86.1656161398805, 39.841818145540714], [-86.16658977956678, 39.841040799644794], [-86.1676676536848, 39.84047849920288], [-86.16851873914585, 39.84014620780497], [-86.16929427597383, 39.839944348578626], [-86.16972463388262, 39.83930248665408], [-86.17006845199762, 39.83828279270601], [-86.17050938345457, 39.83765877435067], [-86.17110913082446, 39.837106607522635], [-86.17214838819746, 39.83502928870769], [-86.17345322821548, 39.83307974667536], [-86.17398248526793, 39.83245051773122], [-86.17499219522993, 39.8315747746922], [-86.17581725901977, 39.83103448315661], [-86.17912903527619, 39.829353400430996], [-86.18075671225226, 39.82874045387514], [-86.18142487051594, 39.827784293656464], [-86.18135307975855, 39.82687722609141], [-86.18164979374446, 39.825838364534164], [-86.18206074441426, 39.82520232627494], [-86.18286695952877, 39.82446101001286], [-86.18320077916344, 39.82323061411849], [-86.18339217315355, 39.821453575460005], [-86.18397875135926, 39.82001550675437], [-86.18397346884375, 39.81837063914873], [-86.18408219322083, 39.81756096477825], [-86.18540946354204, 39.81386025216743], [-86.18512148614353, 39.812892058981824], [-86.18459418318065, 39.81193700691801], [-86.18398294481048, 39.81147852383262], [-86.1819073933911, 39.8095776199352], [-86.18111333345502, 39.808655948126514], [-86.17960729224109, 39.807418321697135], [-86.17617982536433, 39.80426462233681], [-86.17511952517687, 39.80437776534943], [-86.17419920137365, 39.80434487938698], [-86.17223435766073, 39.80389477785847], [-86.17104309455634, 39.803358728630066], [-86.16832617549154, 39.80154768896628], [-86.16768011924133, 39.80276684752052], [-86.16659660050642, 39.804075434079444], [-86.16557070375326, 39.804925151036755], [-86.16434623104614, 39.805611773244514], [-86.16312335606212, 39.80608779013601], [-86.16189849529471, 39.80630835055052], [-86.1604025882427, 39.8063012918419], [-86.1593582290193, 39.8060654163006], [-86.15889719524812, 39.806520034287], [-86.15824369990801, 39.806987606127635], [-86.15566992063953, 39.8083207353302], [-86.15491657209036, 39.808617093154176], [-86.15404836113836, 39.80884887319416], [-86.1533189757116, 39.80896207266554], [-86.15232491515522, 39.80899269061483], [-86.15181344503932, 39.80923050975642], [-86.15076089682584, 39.80956081235506], [-86.1487635587215, 39.81069346888468], [-86.1480190426165, 39.81125836790274], [-86.14833936946133, 39.81273458905208], [-86.1483850731173, 39.81359488987957], [-86.1482115466548, 39.81474109336984], [-86.14778584580915, 39.81567480764747], [-86.14724118854274, 39.816450538591944], [-86.14671608280912, 39.81701724699903], [-86.14556312504904, 39.817946921191144], [-86.14473896145363, 39.81873476377054], [-86.1437145686898, 39.81928981721635], [-86.14324548114496, 39.81984678754567], [-86.14279526035587, 39.820219813757795], [-86.14257565642957, 39.820637982609405], [-86.14340488800308, 39.82116479047925], [-86.14432331805034, 39.82210136684349], [-86.14487144631238, 39.82307754627771], [-86.14502114736368, 39.82377870100574], [-86.14499057235493, 39.82448890259151], [-86.14478745783443, 39.825163157427305], [-86.14498180040889, 39.8261647423872], [-86.14497245195129, 39.82790393785923], [-86.14509742222792, 39.82867426038519], [-86.14499205598663, 39.82947255666612], [-86.14533546530325, 39.85518688466212], [-86.14548533315407, 39.85607075485061], [-86.14536173724291, 39.85688599282725], [-86.1454908683065, 39.865657933473734], [-86.1462346600204, 39.865137365499336], [-86.14821247660208, 39.86396635057988], [-86.14879485955836, 39.862985101254665], [-86.14949380429762, 39.862194463872264], [-86.1509863634873, 39.86007323654229], [-86.1513297941132, 39.85937207509614], [-86.15189565324084, 39.85864453963081], [-86.15218406984198, 39.85812681376141], [-86.15285216707848, 39.85740345031473], [-86.15559721487112, 39.85353636653959], [-86.1567024492001, 39.85233940529712], [-86.16002541024235, 39.849885140553084], [-86.16058560558942, 39.84937453360302]], [[-86.15204981125117, 39.8013841431238], [-86.15318049660482, 39.80036038196237], [-86.15419814279984, 39.79977774167293], [-86.15503059963777, 39.79946578663086], [-86.15752577320848, 39.79873368811289], [-86.15854738531628, 39.798551202475466], [-86.15868348840348, 39.79743636844675], [-86.15943908873575, 39.79590072143388], [-86.16023229482607, 39.79500114705731], [-86.161307434957, 39.79430638665411], [-86.16246758155613, 39.79388817298105], [-86.16374322150928, 39.79370342942993], [-86.16448608532941, 39.79371164322024], [-86.16595617824723, 39.79398450028468], [-86.16680969035976, 39.79402597413347], [-86.16800542175665, 39.79392002859966], [-86.16905515278451, 39.79394381169322], [-86.1708269057325, 39.794313556588506], [-86.17212749884892, 39.79476976130522], [-86.17420687626938, 39.795879780949335], [-86.17585312895552, 39.796946119121145], [-86.17692343861103, 39.7968790394512], [-86.17975866560417, 39.79702500498115], [-86.18109628028549, 39.79728380215997], [-86.18190859198778, 39.797618966369214], [-86.18262053652066, 39.7980699278634], [-86.18320475524978, 39.79861935850399], [-86.18363879583444, 39.7992461460161], [-86.1839441445956, 39.80012506211203], [-86.18663776101779, 39.80260479513019], [-86.18759653343116, 39.8033442546781], [-86.18831867105055, 39.8027463795086], [-86.18907636225441, 39.80234213839384], [-86.1899217333045, 39.802059672551074], [-86.19058581269836, 39.80193990355684], [-86.19023939480455, 39.80056407503816], [-86.19021998639846, 39.79985363223982], [-86.19042884794291, 39.79904265022159], [-86.19056301024058, 39.797162648492915], [-86.19085814999976, 39.79614995843887], [-86.19129966271674, 39.79535060656718], [-86.19198353894997, 39.794561890930524], [-86.19291940467612, 39.79383109804781], [-86.19387954257935, 39.79331691979052], [-86.19307954977202, 39.79274681140414], [-86.19243721870149, 39.79216083874034], [-86.19190371948808, 39.79143904114793], [-86.19158102782137, 39.79072249378704], [-86.19040840110199, 39.79038607666144], [-86.18883022837947, 39.790200805349166], [-86.18717468692992, 39.78979989618241], [-86.18559062793481, 39.7892251665585], [-86.18376490337475, 39.78827203028359], [-86.18313666708117, 39.787752366590944], [-86.18197091074084, 39.78637558672619], [-86.18156642392252, 39.78563082987057], [-86.18135688497728, 39.784790388179815], [-86.180592480261, 39.78480959198469], [-86.1794675729124, 39.785451783365836], [-86.17861547033006, 39.78572156086194], [-86.17771151759445, 39.785857895497344], [-86.17633458799237, 39.78580218578174], [-86.17545407894083, 39.78559365301027], [-86.17464322791632, 39.78525659369681], [-86.17362470024015, 39.78453958776849], [-86.1729198267161, 39.783625343623925], [-86.17258930179422, 39.782592601283525], [-86.17263059360549, 39.78168780042804], [-86.17140746814366, 39.781916844809224], [-86.1710728043736, 39.783138217851906], [-86.1707506515919, 39.7838039327006], [-86.1702663463696, 39.78440836460186], [-86.1692780932983, 39.785150157599155], [-86.16848164519689, 39.78550706964514], [-86.16761024202549, 39.78573724136667], [-86.16669737569075, 39.78583182615914], [-86.1657437872521, 39.7858073996439], [-86.1648450600275, 39.78565186439696], [-86.16361333883707, 39.78517379162735], [-86.16258407534775, 39.78451141173526], [-86.1618780573236, 39.783894553319925], [-86.16133910348208, 39.783165745462], [-86.16091976506507, 39.78218064457063], [-86.16083737475952, 39.780646873252266], [-86.15993724736587, 39.781112274128795], [-86.15903322227695, 39.78138094805495], [-86.15803525560581, 39.78150302568569], [-86.15679471208283, 39.78148773327546], [-86.1556507698925, 39.781391527909044], [-86.15427437492419, 39.78097657964945], [-86.15353996337068, 39.780566605889824], [-86.15269685512285, 39.77980770677579], [-86.15207400685811, 39.78004638215085], [-86.15110343023535, 39.78025483902226], [-86.15020614664114, 39.780302531269605], [-86.14832684350112, 39.78025877039984], [-86.14683193990734, 39.781277652110035], [-86.14676385362945, 39.781987031941405], [-86.14656399366322, 39.782562526346375], [-86.14715540798095, 39.78293592639867], [-86.1477478468363, 39.78348000695197], [-86.1483516495412, 39.78443633592348], [-86.14856964326609, 39.78548671295158], [-86.14838303739712, 39.7865406822284], [-86.14804037111472, 39.78720027394172], [-86.14753748633127, 39.78779561513976], [-86.14595914828244, 39.789076928312646], [-86.14545796691338, 39.790121344560255], [-86.1447995043597, 39.790815747860236], [-86.14480154477097, 39.795154719210444], [-86.14492780669882, 39.79590247518759], [-86.14480224046314, 39.796802539801384], [-86.14478371095113, 39.80012835236046], [-86.14458490940495, 39.80150388445271], [-86.14384102117062, 39.80438856824933], [-86.14555775070808, 39.80350653352905], [-86.14635616838709, 39.80266448848456], [-86.14700742644403, 39.80223704080407], [-86.14780300971191, 39.80187873337062], [-86.14867392691671, 39.80164702087687], [-86.14958671355922, 39.80155080666252], [-86.15131334293477, 39.8017082603864], [-86.15204981125117, 39.8013841431238]], [[-86.15707286747175, 39.77198468116384], [-86.1586719723464, 39.77217802563918], [-86.15956567050341, 39.77249313883517], [-86.16023489565313, 39.77286539370628], [-86.16040771591354, 39.77083739801108], [-86.15711873697865, 39.77076278915803], [-86.15707286747175, 39.77198468116384]], [[-86.17561743689089, 39.77859192778315], [-86.17692867436476, 39.77806544026715], [-86.17811432723313, 39.777752150630924], [-86.17919621721346, 39.777606627428845], [-86.18048063026706, 39.77755946893803], [-86.18142878818271, 39.776951429291366], [-86.18245777372049, 39.7765820928594], [-86.18166943724079, 39.77564035391699], [-86.17621885226541, 39.77558742818826], [-86.17455219299188, 39.7755061573402], [-86.17453127277265, 39.77593156319224], [-86.17493734566476, 39.77636419846393], [-86.17538588571475, 39.77710257377844], [-86.17562944392448, 39.77806428727774], [-86.17561743689089, 39.77859192778315]], [[-86.1559670409809, 39.78141169367255], [-86.15596717085845, 39.781411186157065], [-86.15590605244446, 39.78140025517926], [-86.1559670409809, 39.78141169367255]], [[-86.15563485504619, 39.78134935253206], [-86.15563107152565, 39.781348681643316], [-86.1556354066762, 39.78134949472007], [-86.15563485504619, 39.78134935253206]], [[-86.1412763780606, 39.91608207189857], [-86.1413510183655, 39.914768141053045], [-86.14123136009982, 39.91350567633711], [-86.14141873721353, 39.91194754059142], [-86.141252460927, 39.91211261890569], [-86.14118169368342, 39.91243340526173], [-86.14119759297958, 39.91319904202222], [-86.14103812493454, 39.91384718148535], [-86.14103559238383, 39.9156084085899], [-86.14120272431857, 39.9160823734015], [-86.1412763780606, 39.91608207189857]], [[-86.07888680356514, 39.85193030375391], [-86.07888797407806, 39.85192865343284], [-86.07889621095016, 39.85191408116989], [-86.07888680356514, 39.85193030375391]], [[-86.06734362102276, 39.85976950099296], [-86.06734150857255, 39.85977028253631], [-86.06734194451664, 39.85977013701002], [-86.06734362102276, 39.85976950099296]]], [[[-86.19693263850405, 39.76570276206762], [-86.19718225226588, 39.76501876501689], [-86.19759997414302, 39.76438549060905], [-86.19816974815764, 39.763827273505974], [-86.19926021237337, 39.763176607645626], [-86.20010365742843, 39.76289157360101], [-86.20106264440322, 39.76270005292546], [-86.20213619145348, 39.76264321869663], [-86.20321458652457, 39.762769682784025], [-86.20430070905654, 39.76305773552365], [-86.20516416415181, 39.76345091116263], [-86.20599484627522, 39.76405991763032], [-86.20669496710867, 39.764753926153524], [-86.2071453978535, 39.76537370579202], [-86.20743050294669, 39.76604939155426], [-86.20753932149748, 39.766755018399515], [-86.20736475008091, 39.76781022239434], [-86.20702968329172, 39.76847211524667], [-86.20653371607482, 39.769070843394594], [-86.20589590593906, 39.769583396135204], [-86.2051407634186, 39.76999007426761], [-86.20398418181942, 39.77037322245538], [-86.20291729932711, 39.770567704340735], [-86.20216111398165, 39.77061232860127], [-86.20113732788387, 39.770530041811185], [-86.20060113568914, 39.770415799048216], [-86.19960753903823, 39.77005102779372], [-86.19880745220915, 39.769566730232796], [-86.19825338720173, 39.76906879718971], [-86.19745955527506, 39.768111060871504], [-86.19709022236128, 39.7674601186249], [-86.19686073000274, 39.766411197273264], [-86.19693263850405, 39.76570276206762]]], [[[-86.23982608111947, 39.77649427269603], [-86.24074127923983, 39.77641499435939], [-86.2416589373442, 39.776474999472484], [-86.24254379572919, 39.77667198247462], [-86.24336185437889, 39.77699837457452], [-86.24404961017945, 39.77736433823917], [-86.24471174421554, 39.777858249231926], [-86.24523628365193, 39.77844233844693], [-86.24560301618773, 39.77909405403019], [-86.2474439801323, 39.779507378321554], [-86.25329371779767, 39.780615389382724], [-86.2549736159176, 39.78114816227539], [-86.25674158640282, 39.78127935839862], [-86.2675034880145, 39.7833619514084], [-86.26877714225445, 39.78376938574265], [-86.2698426770252, 39.78444451568212], [-86.27060833247212, 39.78532920623692], [-86.2710081637828, 39.786347274711304], [-86.2710077226946, 39.78741104939607], [-86.27078362613929, 39.78810030778118], [-86.27038953009455, 39.78874259276697], [-86.2695144074411, 39.78956467717737], [-86.26836761431154, 39.790155374442904], [-86.26750021499903, 39.790394534131416], [-86.26658899842327, 39.790498545756556], [-86.26566898738706, 39.79046341165326], [-86.25611577920905, 39.78863160687716], [-86.25522623601962, 39.78869789563104], [-86.25430959390984, 39.78862797460026], [-86.25342825114082, 39.78842143021704], [-86.2529086038955, 39.78822158801121], [-86.25226225184721, 39.78811248842497], [-86.2642404045643, 39.792642025412235], [-86.26531969334481, 39.79330415542073], [-86.26587975453208, 39.79386834326926], [-86.26628637902587, 39.7945059751702], [-86.26652393708086, 39.79519254891025], [-86.26658329469302, 39.79590168084248], [-86.26646216534203, 39.796606119643236], [-86.26616519868917, 39.79727879353179], [-86.26570380269612, 39.79789385071389], [-86.26509570587831, 39.798427653051654], [-86.26396093953679, 39.79903217623922], [-86.26309840771262, 39.79928181949393], [-86.26172817614435, 39.799402319476556], [-86.26037160269549, 39.79921080593248], [-86.25905883820063, 39.79877328122757], [-86.24963628792702, 39.79517609273682], [-86.24893396064431, 39.7949797657152], [-86.2475156411041, 39.794375599212096], [-86.23923350569046, 39.7912450661044], [-86.23843882143592, 39.7908857207959], [-86.23775029119749, 39.79041367537667], [-86.23697304659184, 39.78953499696709], [-86.23632902144213, 39.78809843080014], [-86.23621754896442, 39.78739304715664], [-86.23621007163538, 39.78478187059325], [-86.23488677733029, 39.784376154561905], [-86.23414168110837, 39.783958418849316], [-86.23351654199742, 39.7834365573822], [-86.23303538324444, 39.78283062708056], [-86.2327166929634, 39.7821639153416], [-86.23257271403529, 39.781462044838726], [-86.23260897426202, 39.780751988656306], [-86.23282407473192, 39.78006103363883], [-86.23320974440911, 39.77941573180573], [-86.23375115872226, 39.77884088012369], [-86.23442750979746, 39.77835856781994], [-86.23563701184857, 39.77784800056867], [-86.23652815244667, 39.77766862675429], [-86.23730531990574, 39.77762790677766], [-86.23777574296999, 39.77726903475926], [-86.2385344611632, 39.776866244336766], [-86.23982608111947, 39.77649427269603]], [[-86.23675933824653, 39.78562270213762], [-86.2367488544092, 39.785632202173176], [-86.23675156235073, 39.78563325773138], [-86.23675933824653, 39.78562270213762]]], [[[-86.28826620099231, 39.79152204355299], [-86.28909763645771, 39.79182794786716], [-86.28983574380872, 39.792253099821046], [-86.29045215948955, 39.79278116307854], [-86.29109829761106, 39.79372093765763], [-86.29131925781834, 39.794410803475344], [-86.29139207530409, 39.79563464009367], [-86.29123357257582, 39.79633465342993], [-86.29067331103639, 39.79730668528299], [-86.28977135824258, 39.79811140283177], [-86.28901756082755, 39.79851991847573], [-86.28817491906942, 39.79880714378969], [-86.2872758189536, 39.798962039354514], [-86.28635481737844, 39.798978651776096], [-86.28462859893105, 39.79882276907953], [-86.28373935753378, 39.79863708091165], [-86.28291417376956, 39.79832113827924], [-86.28218476224983, 39.797887084373336], [-86.28157915517912, 39.797351601674286], [-86.28112062489096, 39.796735270544005], [-86.28082678962812, 39.7960617780202], [-86.28070893691289, 39.79535700726613], [-86.28077159044423, 39.794648042708914], [-86.28101233706381, 39.79396212912695], [-86.2814219203172, 39.79332562469889], [-86.282316795884, 39.792516261181774], [-86.28306694998413, 39.79210384579186], [-86.28390698049071, 39.791812245614345], [-86.2855418773537, 39.79141193059071], [-86.28645349593212, 39.79130996044997], [-86.28737338561326, 39.79134714095723], [-86.28826620099231, 39.79152204355299]]], [[[-86.2454453763736, 39.861291667907935], [-86.2460511888694, 39.860211102515926], [-86.24697401960351, 39.859367725284216], [-86.2482191553633, 39.85874556684663], [-86.25019883718046, 39.85823448457461], [-86.25117074911351, 39.85813942522972], [-86.25199539854142, 39.85816875312424], [-86.25463095452041, 39.858625358210695], [-86.25608941354965, 39.85903096764504], [-86.25715706559272, 39.85952538663466], [-86.25782993371837, 39.86002319820715], [-86.25841945615872, 39.860683579441464], [-86.25910840323036, 39.86192636369467], [-86.25929441727686, 39.86262235446475], [-86.25930066438909, 39.86333293788728], [-86.25911944389983, 39.86404721230306], [-86.25909702532303, 39.86473861341814], [-86.25914673037654, 39.86599249509826], [-86.25941592948845, 39.866990357741166], [-86.25938258938753, 39.86770049237573], [-86.2589989601261, 39.86872235090638], [-86.2582468822814, 39.86961439278875], [-86.25719111715746, 39.87029978963243], [-86.25636260716487, 39.87061186786215], [-86.2554709976719, 39.870793396812545], [-86.25455055754485, 39.8708373994378], [-86.25335874183142, 39.87068021831983], [-86.2521705194468, 39.87063618759476], [-86.2491400667021, 39.87068050272204], [-86.24770618825603, 39.87046224918135], [-86.24670029231248, 39.87012539831916], [-86.24617180912333, 39.869858908361124], [-86.24531077137891, 39.869216864005665], [-86.24462039302466, 39.868944435638305], [-86.2439357987411, 39.86855103083736], [-86.24348243788992, 39.86819983426283], [-86.24289275674595, 39.867554381306405], [-86.2421859391853, 39.866232283738675], [-86.24199905887264, 39.86553643134368], [-86.24205614376153, 39.86447358493843], [-86.24231699689012, 39.863792012087025], [-86.24301748347459, 39.86287539755546], [-86.24403306412007, 39.86215494327408], [-86.245343126277, 39.86167935796761], [-86.2454453763736, 39.861291667907935]]], [[[-86.2188759893268, 39.9159809708172], [-86.21971673801276, 39.916825026501414], [-86.22008362509219, 39.91747704362077], [-86.22027827243151, 39.91817164650472], [-86.22029319479341, 39.918882142770144], [-86.22003451996818, 39.92052972975972], [-86.22021507609307, 39.92145204519859], [-86.22013949622612, 39.92216024707338], [-86.21969517259362, 39.92316747630205], [-86.21889021996844, 39.924032021340984], [-86.21779395473663, 39.924679421579064], [-86.2165007914309, 39.92505391674133], [-86.21451784457143, 39.925183207107956], [-86.21314809989521, 39.925044041347796], [-86.21228986614565, 39.924782680544006], [-86.21151435721953, 39.92439742524888], [-86.2105317403808, 39.92357308418658], [-86.20956265153124, 39.9239806803504], [-86.20867549734919, 39.92417657666332], [-86.20775574996587, 39.92423544499723], [-86.20639235488346, 39.92406333641308], [-86.20554518057087, 39.9237814202858], [-86.20478572629172, 39.923377664162075], [-86.20414317933542, 39.92286758614398], [-86.20352240373683, 39.92206774352214], [-86.20251535052807, 39.92232015859805], [-86.20159700324679, 39.922390608930684], [-86.20000874329793, 39.92233240094308], [-86.19907813985856, 39.922418508092655], [-86.19631425173125, 39.92244755254247], [-86.19538233011701, 39.92238391475774], [-86.19333262910547, 39.92249262263341], [-86.19126120036482, 39.922436573158315], [-86.19008320226408, 39.92252332311746], [-86.18822941031482, 39.92254095512504], [-86.18687031067233, 39.92238850046223], [-86.18627556041791, 39.92304449268428], [-86.18559930585258, 39.92352804751881], [-86.18481351222798, 39.92390072661416], [-86.18410224334353, 39.92411069710954], [-86.18333529110083, 39.924712446916345], [-86.1835152661187, 39.92459974947352], [-86.18308540810702, 39.92487938574157], [-86.1827389082491, 39.92506110086594], [-86.18196791654874, 39.925356823958225], [-86.18109437339936, 39.92554641657799], [-86.17969808059459, 39.92557883322786], [-86.17741597546483, 39.925271137062246], [-86.17493881239795, 39.92438683927887], [-86.17421339184, 39.923939935647304], [-86.17358912561174, 39.92336233439117], [-86.17313296097176, 39.92269803927535], [-86.1728726282276, 39.9220139320191], [-86.1728066275838, 39.92102690945053], [-86.17296043893364, 39.920362872375115], [-86.17327643461552, 39.919722958798324], [-86.17374804047066, 39.91913511886451], [-86.17439503112394, 39.91859846395114], [-86.17556913358518, 39.91801449147122], [-86.17685705261935, 39.91772589233648], [-86.17857040669352, 39.9176365671578], [-86.1795237280309, 39.91718465416434], [-86.17950079205518, 39.91606313874801], [-86.179784176249, 39.91511806700309], [-86.18040325845256, 39.91423875488648], [-86.18138203706333, 39.91342042998893], [-86.18256763581067, 39.91286483251488], [-86.1834990036757, 39.912642967435154], [-86.18500204830298, 39.9124907349051], [-86.18654190947127, 39.91256859174648], [-86.18698544630028, 39.91224076069802], [-86.18775056060957, 39.91184353894753], [-86.18904921495856, 39.91148102363914], [-86.19046102614699, 39.91142430043962], [-86.1913667785794, 39.91156001422476], [-86.19198096723856, 39.9117427999145], [-86.19308369415019, 39.91182557464777], [-86.19369393859388, 39.911579991281556], [-86.19457494392181, 39.91136868664614], [-86.19603962257405, 39.9112906637635], [-86.19759616186303, 39.91140763234757], [-86.19847927653223, 39.91161365176601], [-86.19966437312199, 39.912160173708166], [-86.20059244562573, 39.91294807136133], [-86.20118356707454, 39.913909498336245], [-86.20136396306258, 39.91460637570934], [-86.20137734200513, 39.915111458061624], [-86.20250484196669, 39.91520983933879], [-86.20338821211186, 39.91541533436827], [-86.2042025532336, 39.91574958038981], [-86.20466128694437, 39.91602198335166], [-86.20519596033596, 39.91581716853124], [-86.20607968017711, 39.91561255280021], [-86.2076826369799, 39.91554925422536], [-86.20862909662921, 39.91564986466974], [-86.2095917746425, 39.91587920986356], [-86.21073850552439, 39.916407759074715], [-86.21141931113614, 39.91585072733947], [-86.2125899063621, 39.91528589568637], [-86.21392301196414, 39.915007032234435], [-86.2155255693081, 39.91496078211956], [-86.2164452619293, 39.915019021722394], [-86.21733253213498, 39.9152142980641], [-86.21815328727017, 39.91553910793757], [-86.2188759893268, 39.9159809708172]]], [[[-86.13643674773606, 39.76684395315687], [-86.13918496984851, 39.76678356844598], [-86.14009318341911, 39.766900684251155], [-86.14095434453402, 39.767152278414144], [-86.14173536330259, 39.76752868373745], [-86.14240622794371, 39.76801543707527], [-86.1429411577667, 39.76859383485507], [-86.14331959386885, 39.76924165152783], [-86.1435269894838, 39.76993399338631], [-86.14355536956565, 39.770644254983935], [-86.1434186303163, 39.77174098909504], [-86.14310494745817, 39.772511038221126], [-86.14250281738161, 39.77329105542619], [-86.14173807060739, 39.77389740208875], [-86.14082746561658, 39.774358477745274], [-86.13997633773077, 39.77461949524739], [-86.13902769952887, 39.77478353398915], [-86.13718590720046, 39.774803227508194], [-86.1362689074824, 39.77473780538658], [-86.13538607282487, 39.77453559154566], [-86.13457133461294, 39.77420435813786], [-86.13385600581016, 39.77375683603155], [-86.13302823238465, 39.77290619916896], [-86.13267078322217, 39.772251317997], [-86.13248577539052, 39.771555208825305], [-86.13248374367765, 39.77028587936342], [-86.13260873593086, 39.76958185797174], [-86.13290930679673, 39.76891018070527], [-86.13366235602747, 39.76801918554445], [-86.13433771686087, 39.767536150424675], [-86.13554608562302, 39.76702428567819], [-86.13643674773606, 39.76684395315687]]], [[[-86.13546734601374, 39.72654429822901], [-86.12098385584683, 39.72667524784611], [-86.11922039917953, 39.72646949258953], [-86.11832489641479, 39.72617721312037], [-86.11752657700953, 39.72574875931143], [-86.11687015721216, 39.725214051137144], [-86.11638167197385, 39.72461182774052], [-86.11605472906986, 39.7239475862062], [-86.11590188859998, 39.723246854302], [-86.11592901895501, 39.722536561387095], [-86.1161350720868, 39.72184400343682], [-86.11676048947798, 39.72089619752198], [-86.11771524133304, 39.720129394263395], [-86.11891710461789, 39.71960962340944], [-86.12026258524652, 39.71938164155641], [-86.12437155601216, 39.71942628255839], [-86.13698994537364, 39.71926497473569], [-86.13789292308611, 39.719369490313305], [-86.13915597847217, 39.71977305027373], [-86.13989062350923, 39.7201917734293], [-86.14050640734708, 39.72071240395632], [-86.14098002944951, 39.72131524429907], [-86.14129356641156, 39.721977486010275], [-86.14143812025446, 39.722713381724816], [-86.14138208812113, 39.723609984573315], [-86.1411537778517, 39.72429837165836], [-86.14075593178966, 39.72493913575604], [-86.13987636266963, 39.72575785497198], [-86.13913430567989, 39.72617812950151], [-86.1383003170448, 39.72647853631255], [-86.13694774410988, 39.726680510500444], [-86.13602883615121, 39.72664185662908], [-86.13546734601374, 39.72654429822901]]], [[[-86.09232151716726, 39.79446025605785], [-86.09766018228125, 39.79357518348375], [-86.09844922973613, 39.79331881824225], [-86.0995387315328, 39.79308793768127], [-86.10115422970628, 39.79302188383488], [-86.10211497813413, 39.793142979803], [-86.10305569568415, 39.793426739662344], [-86.10375874208849, 39.79376589804252], [-86.10436921778187, 39.79418195230507], [-86.10500192917584, 39.79481246085996], [-86.10544131007937, 39.79550821934443], [-86.10568522708076, 39.79623033466916], [-86.10574994607919, 39.7969466253518], [-86.10562442028362, 39.79780898539712], [-86.10531822832722, 39.79854697272009], [-86.10490090929228, 39.79913988408593], [-86.1043078863955, 39.7997059575619], [-86.10336113105531, 39.800290505406466], [-86.10051189381157, 39.80149923730789], [-86.09700602542965, 39.80262371967664], [-86.0955335850021, 39.80288657424729], [-86.09461380660171, 39.803261850747674], [-86.09378965390273, 39.80345511522258], [-86.0927738713246, 39.80355778841588], [-86.09082011431268, 39.803581241143306], [-86.08986696940867, 39.8037598245345], [-86.08889454368992, 39.80379049576088], [-86.08754563609016, 39.803568919673815], [-86.08671819614048, 39.803256461414634], [-86.08598569621795, 39.80282549439785], [-86.08537628725419, 39.80229258247503], [-86.08491338772906, 39.80167820721693], [-86.08461478382833, 39.80100598050384], [-86.08449194635443, 39.8003017368627], [-86.08454959057677, 39.799592540473355], [-86.08478549583424, 39.798905645032505], [-86.08519059170021, 39.79826744645868], [-86.08574930727221, 39.797702468677635], [-86.08644017005439, 39.79723242143848], [-86.08723663134198, 39.79687536632933], [-86.08896751819874, 39.7964243954898], [-86.0899335582946, 39.79546784733411], [-86.0904877441945, 39.79511226038614], [-86.09126282534251, 39.794754723724864], [-86.09232151716726, 39.79446025605785]], [[-86.08856155029044, 39.796580334930425], [-86.08846398499553, 39.79659065193224], [-86.0884647755807, 39.79659414030822], [-86.08856155029044, 39.796580334930425]]], [[[-86.0925722595143, 39.828630461543874], [-86.09252598666886, 39.829595921827114], [-86.09237827464007, 39.83029732228225], [-86.09205591636953, 39.83096302664773], [-86.09157129581237, 39.83156745086134], [-86.09094303428327, 39.83208736534168], [-86.09019527521262, 39.83250278797695], [-86.08935675637494, 39.83279775234452], [-86.08799995242954, 39.83299091738991], [-86.084930659574, 39.83278084500605], [-86.08376620747056, 39.832449419409755], [-86.08305741933974, 39.832096239036176], [-86.08220416071762, 39.8314323738152], [-86.08162675895804, 39.83068033128321], [-86.08108381109818, 39.829616909723875], [-86.08090049660747, 39.828562604204464], [-86.08100366155061, 39.82785648519311], [-86.08142518764697, 39.82693139004055], [-86.08203141507514, 39.826171198982976], [-86.08269767517405, 39.82564125789254], [-86.08323688224024, 39.825336405814646], [-86.08425461150172, 39.8249651853439], [-86.08485332200877, 39.824509367743346], [-86.08562042249116, 39.82411556724773], [-86.08692010562777, 39.82375885346028], [-86.0878373713383, 39.82369035911006], [-86.08875434303087, 39.82376115660888], [-86.09005251327594, 39.82412113263551], [-86.09115928361425, 39.824756165747395], [-86.09174279237688, 39.8253061719299], [-86.0921759366217, 39.82593338274906], [-86.09244206772964, 39.826613696544285], [-86.0925722595143, 39.828630461543874]]], [[[-86.12050361126764, 39.87221860384895], [-86.1018029603176, 39.87222228705338], [-86.09695462272913, 39.872149945258826], [-86.09593152641148, 39.87203736086842], [-86.09505519840124, 39.87181603403019], [-86.09425175443369, 39.87146722264421], [-86.09355207319004, 39.871004333159256], [-86.09298304378054, 39.87044515623757], [-86.09256653229664, 39.86981118275312], [-86.0923185417211, 39.86912677760198], [-86.092248597448, 39.86841824312178], [-86.09235938194972, 39.867712808150756], [-86.09285323652658, 39.86671947812335], [-86.09370000332196, 39.86587938434689], [-86.09442563957295, 39.86544091861535], [-86.09524833024649, 39.86511996153729], [-86.09659446888313, 39.86488447697101], [-86.10663765501059, 39.865007779988616], [-86.122778709064, 39.864959320722384], [-86.12368682964363, 39.86508264708604], [-86.12494733424774, 39.8655162654049], [-86.12567280437024, 39.865954900892795], [-86.12627329574231, 39.86649416891299], [-86.12672573090616, 39.867113347757495], [-86.12701272011574, 39.86778864448926], [-86.12712323005866, 39.86849410902368], [-86.12705300854176, 39.86920263119457], [-86.1268047487161, 39.869886982515546], [-86.12638798640626, 39.87052086261261], [-86.12581873436385, 39.87107991010596], [-86.12511886739223, 39.87154263906627], [-86.12401616881097, 39.87205574380961], [-86.12269616809579, 39.87236729129711], [-86.12177519145771, 39.87240407486594], [-86.12050361126764, 39.87221860384895]]], [[[-86.104162983406, 39.92576567785996], [-86.10329707706404, 39.926755624225876], [-86.10261773865244, 39.92723662672128], [-86.101403990254, 39.92774484841805], [-86.1005103425986, 39.92792248725895], [-86.09958885070871, 39.92796248094475], [-86.09823183920005, 39.92776248975336], [-86.09700868166664, 39.92726782091925], [-86.0963203890099, 39.92679442490658], [-86.09576528785279, 39.92622674031902], [-86.09522742450737, 39.92524693549691], [-86.09508546128683, 39.924544817290034], [-86.09516904942022, 39.9236542518094], [-86.09505315779201, 39.92344199856669], [-86.09442465950539, 39.92287878615998], [-86.09397649235497, 39.92225762154063], [-86.09361915626862, 39.92123009731154], [-86.09366459716195, 39.920166950316094], [-86.0939181520355, 39.91948372163839], [-86.09460908651764, 39.91856259880914], [-86.09525096323824, 39.918052070446585], [-86.09600984676946, 39.91764776953843], [-86.09685657566067, 39.91736523120144], [-86.09775861442225, 39.91721531173767], [-86.09885947527506, 39.917215750935036], [-86.09946813053128, 39.91728909220707], [-86.10047441577893, 39.917549640198516], [-86.10139193246049, 39.91795550571253], [-86.10227883803792, 39.91855278365439], [-86.10279141543865, 39.919065273442364], [-86.10333547690088, 39.91984913812985], [-86.10432960046691, 39.9217139173317], [-86.10474134419101, 39.9228386999668], [-86.10483784677331, 39.923594776933605], [-86.10477823205603, 39.9242221640699], [-86.10451156846123, 39.925124650391524], [-86.104162983406, 39.92576567785996]]], [[[-86.06705268026737, 39.64836839686059], [-86.06682119706396, 39.650758129831], [-86.06660428087899, 39.651529101940326], [-86.06625934933591, 39.65214030375203], [-86.06569164398162, 39.65277549224889], [-86.06514190137227, 39.65319620027635], [-86.0642171542276, 39.6536736476059], [-86.06155651337697, 39.65440958297736], [-86.06064515154307, 39.65450277025535], [-86.05972778250928, 39.65445672505735], [-86.05883966563634, 39.654273217206935], [-86.05801493543008, 39.65395929990034], [-86.0572852890601, 39.6535270384897], [-86.05667876776039, 39.65299304656149], [-86.05621867901758, 39.65237784717777], [-86.05592270099721, 39.65170508387388], [-86.05579019053197, 39.65063301770455], [-86.05596154794786, 39.64965992821875], [-86.05653389651663, 39.6486416073327], [-86.05736471411981, 39.647859599271946], [-86.057552111049, 39.646978807493895], [-86.05787826553744, 39.646314440487686], [-86.05836580309979, 39.64571202741121], [-86.0589959856383, 39.64519471676544], [-86.0601544692586, 39.64462071543013], [-86.06102565870317, 39.64439413062892], [-86.06239733790476, 39.64431007006801], [-86.06374152251749, 39.644537443122815], [-86.06482618449463, 39.644944182204824], [-86.06587668774705, 39.645654844905415], [-86.06637741685451, 39.64620242232111], [-86.06692156090894, 39.64726006948729], [-86.06705268026737, 39.64836839686059]]], [[[-86.02309866909886, 39.84435090809029], [-86.02772853925052, 39.84434549292763], [-86.02907793068023, 39.844657312704946], [-86.03022553004772, 39.84524806093232], [-86.0308447803406, 39.84577443722067], [-86.03131891851027, 39.846383820319005], [-86.0317198781522, 39.84740165638568], [-86.03172026115176, 39.84846538100815], [-86.03132001650675, 39.849483386723215], [-86.03067994178365, 39.85024927526471], [-86.03058561156199, 39.85138613974801], [-86.03010148560868, 39.852409627715545], [-86.02950220549413, 39.85311739938947], [-86.02863095625735, 39.85377522015547], [-86.02814012961481, 39.8543694615968], [-86.02750308574441, 39.85488312724471], [-86.02674825084505, 39.85529113212111], [-86.02590463475083, 39.8555777948826], [-86.02500466092472, 39.85573209773991], [-86.02441302314374, 39.85575486748866], [-86.02328141616783, 39.85616140010815], [-86.02241763108898, 39.85629789886121], [-86.02203224446524, 39.85700533802069], [-86.02150799671834, 39.857589865909816], [-86.02084584734389, 39.85808433571479], [-86.02007124263058, 39.85846974314873], [-86.019213952544, 39.85873127534032], [-86.01784561811596, 39.858870719929634], [-86.0169295854096, 39.858789904081654], [-86.01563754484539, 39.858415751378736], [-86.01454208767979, 39.85776864872843], [-86.01396854120577, 39.8572122969965], [-86.0135468568204, 39.85658039859613], [-86.01323275872939, 39.85554459052357], [-86.01322050617972, 39.85377976201793], [-86.01306254690446, 39.85338434600671], [-86.01167807647182, 39.85306776223316], [-86.01049940300399, 39.85251439839115], [-86.00957991722774, 39.851721143810934], [-86.00915116324617, 39.85109209133217], [-86.00888987591051, 39.850410654480264], [-86.00883203940373, 39.849347868994165], [-86.00898895044017, 39.848739795517794], [-86.00907506707004, 39.8476158303495], [-86.00959906258686, 39.84650688296293], [-86.01024193146645, 39.84579989092585], [-86.01120358550456, 39.84513927705221], [-86.01213642554704, 39.84475268556161], [-86.01318338299882, 39.84451975403113], [-86.01420569794014, 39.84445525801701], [-86.01732276012308, 39.844513506501585], [-86.01822574991559, 39.8446564137725], [-86.01936141688243, 39.84506643268317], [-86.02052445988411, 39.84474260438853], [-86.02173038098665, 39.84465193108822], [-86.02309866909886, 39.84435090809029]]], [[[-85.9609759673603, 39.69123064699807], [-85.96022264264644, 39.69198303544619], [-85.95921457725981, 39.69262078875546], [-85.95817288780016, 39.69303182950157], [-85.95668596581798, 39.6933032218964], [-85.95578452899124, 39.69331722377973], [-85.95479691539852, 39.69322803139311], [-85.95358983729572, 39.69339037594447], [-85.95179325246286, 39.69334538523747], [-85.95115679606894, 39.693241544171286], [-85.95024439982423, 39.69296415009225], [-85.94949389266321, 39.692594822532236], [-85.9488996416212, 39.69217530503474], [-85.94821038724052, 39.69146232664646], [-85.94768751115049, 39.69061821268537], [-85.9473705097307, 39.6895843207029], [-85.94732333871487, 39.68877964043541], [-85.94738738801543, 39.688212063971235], [-85.94770478515476, 39.687336689792936], [-85.94765260290534, 39.686561575426204], [-85.94786901001493, 39.685574716318136], [-85.94773108731731, 39.68458601956204], [-85.94781859853742, 39.68392730159981], [-85.94808533087682, 39.68322627077626], [-85.94839897231607, 39.682727297339596], [-85.94923585941663, 39.681892298856866], [-85.95024354992621, 39.681300114773734], [-85.95151235073932, 39.68088534006613], [-85.95270295968781, 39.68072504898835], [-85.95402691714982, 39.680738040673646], [-85.9554991649091, 39.68059871357577], [-85.9567123566538, 39.68067231185971], [-85.9578033520082, 39.680901402100716], [-85.95887093982154, 39.68133248883923], [-85.95983508846653, 39.68192989723241], [-85.96034449638384, 39.68237587372336], [-85.96095280483551, 39.68319482112099], [-85.96126222074173, 39.68406177590826], [-85.96133731101115, 39.68503422844469], [-85.96171497044614, 39.68539304910895], [-85.9621661660523, 39.686012247884236], [-85.96252986266569, 39.68703820257749], [-85.96255000280817, 39.68774861934269], [-85.96239036777777, 39.688448421142446], [-85.9620570871702, 39.68911071420833], [-85.96163555307753, 39.689630864498376], [-85.96141529945764, 39.69047786706998], [-85.9609759673603, 39.69123064699807]]], [[[-85.99987668386342, 39.697931426514494], [-86.00109076533268, 39.69809096786832], [-86.00227225568796, 39.69805093757184], [-86.0036116114586, 39.69829807971117], [-86.00480044116314, 39.698834906956975], [-86.00573637210864, 39.69961519416449], [-86.0063388009017, 39.70057175031253], [-86.00652818031658, 39.70126712058754], [-86.00653830080181, 39.70197766877091], [-86.00621840128531, 39.703012316489655], [-86.00551674620075, 39.70393980593315], [-86.00463338937907, 39.704611089647514], [-86.00378243235619, 39.70502891491519], [-86.00290965241467, 39.70529691480158], [-86.0019820487923, 39.705431556008605], [-85.9999176895123, 39.70542492028634], [-85.998804795718, 39.705535292188436], [-85.99660298571699, 39.70554718609211], [-85.99526131355135, 39.70530719612951], [-85.99406762240864, 39.70477669988962], [-85.99340561268257, 39.70428328328234], [-85.99288095500354, 39.70369958581872], [-85.99251380968249, 39.703048040590915], [-85.99231828212696, 39.702353687592904], [-85.99230188135422, 39.70164321122276], [-85.99246523218478, 39.70094391469434], [-85.99280205206091, 39.70028267078922], [-85.99329939325462, 39.699684889271474], [-85.99430305919333, 39.69895657027334], [-85.99553718032351, 39.69848466050401], [-85.99643602740781, 39.69833359889835], [-85.99756309751479, 39.69830192349118], [-85.9989578140705, 39.69796451644808], [-85.99987668386342, 39.697931426514494]]], [[[-85.98598421214913, 39.811702643483635], [-85.98599974450075, 39.815359231978306], [-85.98572277768007, 39.81634425249825], [-85.9870233437288, 39.817799253968715], [-85.98754212460535, 39.81863122742157], [-85.9878212988626, 39.819523259325535], [-85.98802424068333, 39.821310703071106], [-85.98784110823672, 39.822374034183305], [-85.98741475098338, 39.82319356712497], [-85.98677186525748, 39.823903420074465], [-85.98593303301163, 39.8244903870505], [-85.98464930429942, 39.82500625947337], [-85.98309807283478, 39.825227671579945], [-85.98257233491093, 39.82580418303789], [-85.98190562554706, 39.82629474716285], [-85.9807060421161, 39.82682011325266], [-85.97936030852667, 39.82705435043077], [-85.97843897747178, 39.82703770749169], [-85.97753956391325, 39.82688278954262], [-85.97669663673632, 39.82659555094617], [-85.9756081230947, 39.825942031769095], [-85.9750403630078, 39.825382327235076], [-85.9746251362782, 39.824747970624585], [-85.97437839650452, 39.82406334154642], [-85.9743183315357, 39.8236169226466], [-85.97236146158232, 39.82392710167776], [-85.97143992442061, 39.82392505341213], [-85.97053661551904, 39.82378441230614], [-85.9692912556647, 39.8233268233943], [-85.96858061123093, 39.82287444202222], [-85.96799808786527, 39.82232384763932], [-85.9675660704227, 39.82169620131238], [-85.96723480935039, 39.820663608988724], [-85.96723751285393, 39.81995304031797], [-85.96757661209767, 39.818921963287586], [-85.96828923699871, 39.81801118592928], [-85.96931400865674, 39.81729913760528], [-85.97056267659084, 39.81684713264528], [-85.97237048946903, 39.81652211461292], [-85.97262824920409, 39.81529073747212], [-85.97251390726856, 39.814540539220225], [-85.97258527561846, 39.81379545573426], [-85.97235868797335, 39.81328041967609], [-85.97222270921722, 39.812652470821845], [-85.9723222655071, 39.81150296947229], [-85.97263577310005, 39.810720526966996], [-85.9730348835647, 39.81014509375254], [-85.97362016595294, 39.80957245267944], [-85.97434664449308, 39.80908375425197], [-85.97521636429578, 39.80870138561551], [-85.97603544127999, 39.808479704391985], [-85.97680022103506, 39.8083741254938], [-85.9780899369308, 39.80835469197397], [-85.97933331425908, 39.80807363614005], [-85.98071252869809, 39.808076885455776], [-85.98209450468708, 39.8082166684987], [-85.98298216965262, 39.80840700801779], [-85.98418141575868, 39.808932412340056], [-85.9848479505903, 39.80942298759363], [-85.98537759232329, 39.81000442120103], [-85.98587248723311, 39.81099731161047], [-85.98598421214913, 39.811702643483635]]], [[[-85.99653047242343, 39.8578877255473], [-85.99662693994303, 39.85717678167665], [-85.99688362977231, 39.8564943048283], [-85.99730813886327, 39.855863534902795], [-85.99788415047767, 39.85530871028485], [-85.99898242447787, 39.854664504817734], [-85.99982975338752, 39.854384450820234], [-86.00073168562704, 39.854237176003885], [-86.00243756532372, 39.85419817742534], [-86.00326496325742, 39.854282718441915], [-86.00473541960469, 39.854148834661395], [-86.00609062770943, 39.85435015236173], [-86.00692639826848, 39.8546501308597], [-86.0079984854389, 39.85532002979256], [-86.00855211714274, 39.855888228151514], [-86.00895129054962, 39.85652875020816], [-86.00922865026257, 39.857570769612856], [-86.00923395117105, 39.858644237547324], [-86.00912695628756, 39.85936401656692], [-86.00880324075578, 39.86012274495983], [-86.00816409942652, 39.860931292067086], [-86.00748659695765, 39.86146751094126], [-86.00659540488978, 39.86192926812033], [-86.00573900832073, 39.86220321052715], [-86.00590983692452, 39.86293039549483], [-86.00603616559397, 39.865535616916596], [-86.00603658147689, 39.867213873593066], [-86.00586192099277, 39.86807886322052], [-86.00538451361076, 39.868976756844845], [-86.00485405926621, 39.869557995524715], [-86.00418662928664, 39.87004832009251], [-86.00298596377722, 39.87057325640139], [-86.00209736257627, 39.87076323487938], [-86.00117773346508, 39.87081597684187], [-86.00026242272591, 39.87072945520219], [-85.99938661055134, 39.87050699551065], [-85.99858395828018, 39.87015714806841], [-85.99788531414575, 39.86969335914609], [-85.99731752737604, 39.869133453972616], [-85.99690241628248, 39.86849895140475], [-85.9965991446922, 39.86746122488696], [-85.99662886175453, 39.865694965371766], [-85.99650188408302, 39.863971686891084], [-85.99655041721638, 39.86276439929957], [-85.99691659012896, 39.86173879620471], [-85.99736987128784, 39.86112001754302], [-85.99795495187337, 39.860594367262635], [-85.99724179651054, 39.85991947422156], [-85.99683255605889, 39.859282731211344], [-85.99659237292691, 39.85859669330477], [-85.99653047242343, 39.8578877255473]], [[-85.99914382811966, 39.85475186754031], [-85.99878393834865, 39.854904594199006], [-85.9987851692721, 39.85490612636411], [-85.99914382811966, 39.85475186754031]], [[-86.00695497868841, 39.85796061017437], [-86.00695858529774, 39.85782971861076], [-86.00695451590322, 39.857926196096614], [-86.00695497868841, 39.85796061017437]]], [[[-85.99191510158353, 39.89169058995314], [-85.99438501712088, 39.88889516225504], [-85.99502305152768, 39.888406254932804], [-85.99580321867089, 39.887992740886816], [-85.99695367324001, 39.88763356743243], [-85.99844203131899, 39.88746747628292], [-85.99936228703302, 39.88751585654166], [-86.00067577872949, 39.887843959157266], [-86.0014577849359, 39.88822079433], [-86.00212934060237, 39.888707909639265], [-86.00266463846397, 39.88928658761184], [-86.0030431054443, 39.88993459193553], [-86.00325019355323, 39.890627021690115], [-86.00327793952344, 39.89133726804393], [-86.00312527159362, 39.89203803668605], [-86.00279805153274, 39.89270239672238], [-86.00244492819381, 39.8931542225609], [-86.00276278793989, 39.89404937549522], [-86.00274466456531, 39.89511299464236], [-86.0025087884317, 39.8957999415514], [-86.00210344860565, 39.89643824253979], [-86.00121340061168, 39.897251565960616], [-86.00046525713027, 39.897667310743316], [-85.99921650477857, 39.898053842346805], [-85.997925408955, 39.89908845175576], [-85.99695455563084, 39.899669428138864], [-85.99543399418134, 39.90025674649805], [-85.99445716837597, 39.900515719282495], [-85.99426716350072, 39.90131902138289], [-85.99427830288063, 39.90173629402858], [-85.99456730343083, 39.90241662923936], [-85.99468173499272, 39.90299930500849], [-85.99471316541401, 39.90418784623146], [-85.99462455308417, 39.905128576777024], [-85.99400534264801, 39.90693654197188], [-85.99360958738725, 39.907589230377866], [-85.99312722278354, 39.90815374665378], [-85.99371451500294, 39.908880113731655], [-85.99410468524184, 39.909900500212736], [-85.9941424489302, 39.91061046920917], [-85.99386194037412, 39.91165201052803], [-85.99351693384081, 39.91223860074175], [-85.99266869377931, 39.913338185430774], [-85.9917011584029, 39.914097372236135], [-85.99091417287163, 39.914468378966056], [-85.9900483081958, 39.9147140229212], [-85.98913684332072, 39.91482486283401], [-85.9882148106006, 39.914796638608074], [-85.98731764872205, 39.914630435119754], [-85.98568256710824, 39.914037239131154], [-85.98421420955871, 39.91316330314077], [-85.98363010322439, 39.91268590534029], [-85.9830044735293, 39.91191638801003], [-85.98217234369459, 39.9111448963345], [-85.9817679650347, 39.91050620579443], [-85.9815331649983, 39.90981903453776], [-85.98151677978963, 39.90875540538897], [-85.98190201849688, 39.90773391195397], [-85.98234422198959, 39.907147010545415], [-85.98255571917777, 39.90664738203405], [-85.9830142638319, 39.905989453279616], [-85.9836610783323, 39.905393608694936], [-85.98473634052007, 39.90478206524243], [-85.98520089011491, 39.90420660206524], [-85.98483261305343, 39.90350774538423], [-85.9846863349116, 39.90301883139352], [-85.98459691416741, 39.90210958881479], [-85.98438615431103, 39.90124224715614], [-85.98442320160338, 39.90053225605698], [-85.98481229528744, 39.899511638042306], [-85.98561204521965, 39.89841243259588], [-85.98629618938978, 39.8977716028904], [-85.98718172298885, 39.897230114075704], [-85.98813923963947, 39.89686174778693], [-85.98829720988259, 39.89610170855425], [-85.98902012175644, 39.89478161896306], [-85.990148897894, 39.893419616748396], [-85.99191510158353, 39.89169058995314]]]]}}]}
